Variable / Field Name,Form Name,Section Header,Field Type,Field Label,"Choices, Calculations, OR Slider Labels",Field Note,Text Validation Type OR Show Slider Number,Text Validation Min,Text Validation Max,Identifier?,Branching Logic (Show field only if...),Required Field?,Custom Alignment,Question Number (surveys only),Matrix Group Name,Matrix Ranking?,Field Annotation
record_id,consent,,text,Record ID,,,,,,,,,,,,,
con_youngassent,consent,Young Assent,checkbox,Young Assent Version,"1, Version 1: 7 June 2019 | 2, Version 2: 25 Sept 2019 | 3, Version 3 | 4, Version 4 | 99, N/A",,,,,,,,,,,," @HIDECHOICE = ""3,4"""
youngassent_date1,consent,,text,Date of Young Assent Version 1: 7 June 2019,,,date_dmy,,,,[con_youngassent(1)] = '1',,,,,,
youngassent_date2,consent,,text,Date of Young Assent Version 2: 25 Sept 2019,,,date_dmy,,,,[con_youngassent(2)] = '1',,,,,,
con_adolassent,consent,Adolescent Assent,checkbox,Adolescent Assent Version,"1, Version 1: 3 July 2019 | 2, Version 2: 25 Sept 2019 | 3, Version 3: 4 Sept 2020 | 4, Version 4: 12 July 2021 | 99, N/A",,,,,,,,,,,,
adolassent_date1,consent,,text,Date of Adolescent Assent Version 1: 3 July 2019,,,date_dmy,,,,[con_adolassent(1)] = '1',,,,,,
adolassent_date2,consent,,text,Date of Adolescent Assent Version 2: 25 Sept 2019,,,date_dmy,,,,[con_adolassent(2)] = '1',,,,,,
adolassent_date3,consent,,text,Date of Adolescent Assent Version 3: 4 Sept 2020,,,date_dmy,,,,[con_adolassent(3)] = '1',,,,,,
adolassent_date4,consent,,text,Date of Adolescent Assent Version 4: 12 July 2021,,,date_dmy,,,,[con_adolassent(4)] = '1',,,,,,
parentcon_version,consent,Parent Consent,checkbox,Parent Consent Version ,"1, Version 1: 7 June 2019 | 2, Version 2: 25 Sept 2019 | 3, Version 3: 4 Sept 2020/Version 4: 3 Sept 2020 | 4, Version 4: 12 July 2021 | 99, N/A",,,,,,,,,,,,
consent_date1,consent,,text,Date of Parent Consent Version 1: 7 June 2019,,,date_dmy,,,,[parentcon_version(1)] = '1',,,,,,
consent_date2,consent,,text,Date of Parent Consent Version 2: 25 Sept 2019,,,date_dmy,,,,[parentcon_version(2)] = '1',,,,,,
consent_date3,consent,,text,Date of Parent Consent Version 3: 4 Sept 2020/Version 4: 3 Sept 2020,,,date_dmy,,,,[parentcon_version(3)] = '1',,,,,,
consent_date4,consent,,text,Date of Parent Consent Version 4: 12 July 2021,,,date_dmy,,,,[parentcon_version(4)] = '1',,,,,,
participantcon_version,consent,Participant Consent,checkbox,Participant Consent Version ,"1, Version 1: 7 June 2019 | 2, Version 2: 25 Sept 2019 | 3, Version 3: 4 Sept 2020/Version 4: 3 Sept 2020 | 4, Version 4: 12 July 2021 | 99, N/A",,,,,,,,,,,,
participantconsent_date1,consent,,text,Date of Participant Consent Version 1: 7 June 2019,,,date_dmy,,,,[participantcon_version(1)] = '1',,,,,,
participantconsent_date2,consent,,text,Date of Participant Consent Version 2: 25 Sept 2019,,,date_dmy,,,,[participantcon_version(2)] = '1',,,,,,
participantconsent_date3,consent,,text,Date of Participant Consent Version 3: 4 Sept 2020/Version 4: 3 Sept 2020,,,date_dmy,,,,[participantcon_version(3)] = '1',,,,,,
participantconsent_date4,consent,,text,Date of Participant Consent Version 4: 12 July 2021,,,date_dmy,,,,[participantcon_version(4)] = '1',,,,,,
future_contact,consent,Consent for Future Contact,yesno,Consented to contact for future research projects?,,,,,,,,,,,,,
con_note,consent,Notes,text,Free-Text Notes About the Consent Process,,,,,,,,,,,,,
mob,demographics,Demographics,text,Month of birth,,,integer,1,12,,,,,,,, @PLACEHOLDER='MM'
yob,demographics,,text,Year of birth,,,integer,1921,2030,,,,,,,, @PLACEHOLDER='YYYY'
sex,demographics,,radio,Sex,"1, Male | 2, Female | 0, Not collected",,,,,,,,,,,,
ethnicity,demographics,,radio,Ethnicity (self-identified),"1, Caucasian | 2, African American | 3, North East Asian | 4, South East Asian | 5, Other/mixed | 6, Not collected",,,,,,,,,,,,
smoking,demographics,,radio,Smoking status,"1, Current smoker | 2, Ex-smoker | 3, Never-smoker | 0, Not collected",,,,,,,,,,,,
quit_month,demographics,,text,Smoking Quit Month,,,integer,1,12,,[smoking] = '2',,,,,, @PLACEHOLDER='MM'
quit_year,demographics,,text,Smoking Quit Year,,,number,1920,2030,,[smoking] = '2',,,,,, @PLACEHOLDER='YYYY'
pack_years,demographics,,text,Pack years,,,number,,,,[smoking] = '1' or [smoking] = '2',,,,,,
second_hand_smoke,demographics,,radio,Current second-hand smoke exposure at home ,"1, Yes | 0, No | 99, Not collected",,,,,,,,,,,,
category,medical_history,Overall category of participant,radio,Category,"1, Healthy Control | 2, Respiratory Disease",,,,,,,,,,,,
resp_disease_cat,medical_history,Pulmonary diagnoses,checkbox,Respiratory Disease Category,"1, Cystic fibrosis | 2, Asthma | 3, Primary Ciliary Dyskinesia (PCD) | 4, Ex-prematurity (< 35 weeks gestation) | 5, Bone marrow transplant (with or without pulmonary cGvHD) | 6, Bronchiolitis obliterans (non-BMT-associated) | 7, Chronic obstructive pulmonary disease | 8, Interstitial lung disease | 9, Congenital lung abnormality | 99, Other",,,,,,[category] = '2',,,,,,
ex_prematurity,medical_history,,text,"If ex-prematurity, specify gestational age at birth (weeks)",,,number,1,52,,[resp_disease_cat(4)] = '1',,,,,,
dysplasia_dx,medical_history,,yesno,"If ex-prematurity, is there a formal diagnosis of bronchopulmonary dysplasia",,,,,,,[resp_disease_cat(4)] = '1',,,,,,
ild_dx,medical_history,,text,"Specify interstitial lung disease diagnosis 
",,,,,,,[resp_disease_cat(8)] = '1',,,,,,
ild_biopsy,medical_history,,yesno,Biopsy done?,,,,,,,[resp_disease_cat(8)] = '1',,,,,,
ild_biopsy_date,medical_history,,text,Biopsy date:,,,date_ymd,01/01/1980,01/01/2050,,[resp_disease_cat(8)] = '1' and [ild_biopsy] = '1',,,,,,
ild_biopsy_findings,medical_history,,checkbox,Main biopsy findings,"1, Nonspecific interstitial pneumonia | 2, Desquamative interstitial pneumonia | 3, Organizing pneumonia | 4, Diffuse alveolar damage | 5, Obliterative bronchiolitis | 6, Lymphocytic bronchiolitis | 0, Other",,,,,,[resp_disease_cat(8)] = '1' and [ild_biopsy] = '1',,,,,,
ild_diagnosis_other,medical_history,,text,,,,,,,,[resp_disease_cat(8)] = '1' and [ild_biopsy] = '1' and [ild_biopsy_findings(0)] = '1',,,,,,
ild_biopsy_report,medical_history,,yesno,De-identified biopsy report in study binder?,,,,,,,[resp_disease_cat(8)] = '1' and [ild_biopsy] = '1',,,,,,
congenital_lung_dx,medical_history,,text,Specify congenital lung abnormality diagnosis,,,,,,,[resp_disease_cat(9)] = '1',,,,,,
other_dx,medical_history,,text,Specify other pulmonary diagnosis,,,,,,,[resp_disease_cat(99)] = '1',,,,,,
cf_allele_1,medical_history,,text,"CFTR genotype, allele 1",,,,,,,[resp_disease_cat(1)] = '1',,,,,,
cf_allele_2,medical_history,,text,"CFTR genotype, allele 2",,,,,,,[resp_disease_cat(1)] = '1',,,,,,
pancreatic_status,medical_history,,dropdown,Pancreatic status,"1, Sufficient | 2, Insufficient",,,,,,[resp_disease_cat(1)] = '1',,,,,,
pcd_genotype,medical_history,,dropdown,PCD genotype ,"1, Known | 98, Unknown",,,,,,[resp_disease_cat(3)] = '1',,,,,,
pcd_gene,medical_history,,text,Specify gene,,,,,,,[resp_disease_cat(3)] = '1' and [pcd_genotype] = '1',,,,,,
pcd_allele_1,medical_history,,text,PCD mutation allele 1,,,,,,,[resp_disease_cat(3)] = '1' and [pcd_genotype] = '1',,,,,,
pcd_allele_2,medical_history,,text,PCD mutation allele 2,,,,,,,[resp_disease_cat(3)] = '1' and [pcd_genotype] = '1',,,,,,
pcd_emicroscopy,medical_history,,yesno,Ciliary electron microscopy done?,,,,,,,[resp_disease_cat(3)] = '1',,,,,,
emicroscopy_date,medical_history,,text,Ciliary electron microscopy date,,,date_ymd,,,,[resp_disease_cat(3)] = '1' and [pcd_emicroscopy] = '1',,,,,,
emicroscopy_report,medical_history,,yesno,De-identified ciliary EM report attached to study binder?,,,,,,,[resp_disease_cat(3)] = '1' and [pcd_emicroscopy] = '1',,,,,,
pcd_hsvm,medical_history,,yesno,Ciliary high-speed video microscopy done?,,,,,,,[resp_disease_cat(3)] = '1',,,,,,
hsvm_date,medical_history,,text,Ciliary high-speed video microscopy date,,,date_ymd,,,,[resp_disease_cat(3)] = '1' and [pcd_hsvm] = '1',,,,,,
hsvm_report,medical_history,,yesno,De-identified HSVM report attached to study binder?,,,,,,,[resp_disease_cat(3)] = '1' and [pcd_hsvm] = '1',,,,,,
pcd_nasal_no,medical_history,,yesno,Nasal nitric oxide level known?,,,,,,,[resp_disease_cat(3)] = '1',,,,,,
nasal_no_date,medical_history,,text,Nasal nitric oxide test date ,,,date_ymd,,,,[resp_disease_cat(3)] = '1' and [pcd_nasal_no] = '1',,,,,,
nasal_no_report,medical_history,,yesno,De-identified nNO report attached to study binder?,,,,,,,[resp_disease_cat(3)] = '1' and [pcd_nasal_no] = '1',,,,,,
bmt_indication,medical_history,,radio,Indication for transplant:,"1, Hematologic malignancy | 2, Non-hematologic malignancy | 3, Bone marrow failure syndrome | 4, Primary immunodeficiency | 5, Inherited hematologic disorder | 0, Other",,,,,,[resp_disease_cat(5)] = '1',,,,,,
bmt_indication_other,medical_history,,text,,,,alpha_only,,,,[resp_disease_cat(5)] = '1' and [bmt_indication] = '0',,,,,,
bmt_date,medical_history,,text,BMT date,,,date_ymd,01/06/1921,01/06/2030,,[resp_disease_cat(5)] = '1',,,,,,
p_cgvhd,medical_history,,yesno,Current or previous diagnosis of pulmonary cGvHD?,,,,,,,[resp_disease_cat(5)] = '1',,,,,,
pcgvhd_date,medical_history,,text,Date of pulmonary cGvHD diagnosis:,,,date_ymd,1920,2040,,[resp_disease_cat(5)] = '1' and [p_cgvhd] = '1',,,,,,
medicaldx_other,medical_history,Other diagnoses,notes,"Other current medical diagnoses (if more than one, separate with semicolon):",,,,,,,,,,,,,
comp_bin1,visit_record,Record Naming,yesno,Is there a component study ID associated with this visit?,,,,,,,,y,,,,,
comp1,visit_record,,dropdown,What is the component?,"1, varMRI | 2, TriMRI | 3, imPCR | 4, CANUCK | 5, CDH-MRI | 6, Cross-MRI | 7, Var-MRI PCD | 8, IEI-MRI",,,,,,[comp_bin1] = '1',,,,,,
comp_number1,visit_record,,text,What is the study ID? (number only),,,,,,,[comp_bin1] = '1',,,,,,
comp_bin2,visit_record,,yesno,Is there another component study ID associated with this visit?,,,,,,,[comp_bin1] = '1',y,,,,,
comp2,visit_record,,dropdown,What is the component?,"1, varMRI | 2, TriMRI | 3, imPCR | 4, CANUCK | 6, Cross-MRI | 7, Var-MRI PCD | 8, IEI-MRI",,,,,,[comp_bin2] = '1',,,,,,
comp_number2,visit_record,,text,What is the study ID? (number only),,,,,,,[comp_bin2] = '1',,,,,,
comp_bin3,visit_record,,yesno,Is there another component study ID associated with this visit?,,,,,,,[comp_bin2] = '1',y,,,,,
comp3,visit_record,,dropdown,What is the component?,"1, varMRI | 2, TriMRI | 3, imPCR | 4, CANUCK | 6, Cross-MRI | 7, Var-MRI PCD",,,,,,[comp_bin3] = '1',,,,,,
comp_number3,visit_record,,text,What is the study ID? (number only),,,,,,,[comp_bin3] = '1',,,,,,
comp_bin4,visit_record,,yesno,Is there another component study ID associated with this visit?,,,,,,,[comp_bin3] = '1',y,,,,,
comp4,visit_record,,dropdown,What is the component?,"1, varMRI | 2, TriMRI | 3, imPCR | 4, CANUCK | 6, Cross-MRI | 7, Var-MRI PCD",,,,,,[comp_bin4] = '1',,,,,,
comp_number4,visit_record,,text,What is the study ID? (number only),,,,,,,[comp_bin4] = '1',,,,,,
visit_date,visit_record,Visit details,text,Date of visit ,,,date_ymd,,,,,,,,,,
visit_number,visit_record,,text,Visit number,,,number,1,25,,,,,,,,
pregnancy_test,visit_record,,dropdown,Female of child bearing potential?,"1, Yes | 0, No",,,,,,,,,,,,
pregnancy_result,visit_record,,dropdown,Pregnancy Test Result:,"1, Positive | 2, Negative",,,,,,[pregnancy_test] = '1',,,,,,
height,visit_record,Anthropomorphics and vital signs,text,Height,,,number_1dp,,,,,,,,,, @PLACEHOLDER='cm'
tlc_pred,visit_record,,text,What is the predicted TLC using this height?,,,number_2dp,1.5,10,,,,,,,, @PLACEHOLDER='L'
weight,visit_record,,text,Weight,,,number_1dp,,,,,,,,,, @PLACEHOLDER='kg'
oximetry,visit_record,,text,Oxygen saturation in room air,,,integer,0,100,,,,,,,, @PLACEHOLDER='%'
physical_exam,visit_record,Physical Exam,yesno,Was a physical exam performed?,,,,,,,,,,,,,
wob,visit_record,,yesno,Signs of increased work of breathing:,,,,,,,[physical_exam]='1',,,,,,
chest_clear,visit_record,,dropdown,Chest clear,"1, Yes | 0, No | 99, Not assessed",,,,,,[physical_exam] = '1',,,,,,
wheeze,visit_record,,dropdown,Wheeze,"1, Yes | 0, No | 99, Not assessed",,,,,,[physical_exam] = '1',,,,,,
crackles,visit_record,,dropdown,Crackles,"1, Yes | 0, No | 99, Not assessed",,,,,,[physical_exam] = '1',,,,,,
resp_sympt_28d,visit_record,Symptom Review,yesno,"Have you had a change in your respiratory symptoms (cough, wheeze, shortness of breath, nasal congestion) in the last 28 days?",,,,,,,,,,,,,
resp_sympt_28d_list,visit_record,,checkbox,Please select all applicable respiratory symptoms,"1, Cough | 2, Wheeze | 3, Shortness of breath | 4, Nasal congestion | 0, Other",,,,,,[resp_sympt_28d] = '1',,,,,,
resp_sympt_28d_other,visit_record,,text,"Other respiratory symptoms (if more than one, separate by semicolon):",,,,,,,[resp_sympt_28d] = '1' and [resp_sympt_28d_list(0)] = '1',,,,,,
resp_sympt_today,visit_record,,yesno,"Do you have respiratory symptoms (cough, wheeze, shortness of breath, nasal congestion) that are worse than at your baseline today?",,,,,,,,,,,,,
resp_sympt_today_list,visit_record,,checkbox,Please select all applicable respiratory symptoms,"1, Cough | 2, Wheeze | 3, Shortness of breath | 4, Nasal congestion | 0, Other",,,,,,[resp_sympt_today] = '1',,,,,,
resp_sympt_today_other,visit_record,,text,"Other respiratory symptoms (if more than one, separate by semicolon):",,,,,,,[resp_sympt_today] = '1' and [resp_sympt_today_list(0)] = '1',,,,,,
pft_prev,visit_record,Pulmonary Function Review,yesno,Has pulmonary function testing been done since the last visit?  (only include if acceptable and reproducible),,,,,,,,,,,,,
prev_pft_type,visit_record,,checkbox,Check all applicable:,"1, Spirometry | 2, Plethysmography | 3, Lung Diffusion Capacity",,,,,,[pft_prev] = '1',,,,,,
prev_spiro_date,visit_record,,text,Date of Spirometry:,,,date_ymd,,,,[pft_prev] = '1' and [prev_pft_type(1)] = '1',,,,,,
spiro_height,visit_record,,text,Height at spirometry (cm),,,integer,50,,,[pft_prev] = '1' and [prev_pft_type(2)] = '1',,,,,,
fvc_prev,visit_record,,text,FVC [L] - absolute value,,,number_2dp,,,,[pft_prev] = '1' and [prev_pft_type(1)] = '1',,,,,,
fev1_prev,visit_record,,text,FEV1 [L] - absolute value,,,number_2dp,,,,[pft_prev] = '1' and [prev_pft_type(1)] = '1',,,,,,
fef2575_prev,visit_record,,text,"FEF25-75 [L/s] - absolute value
",,,number_2dp,,,,[pft_prev] = '1' and [prev_pft_type(1)] = '1',,,,,,
prev_spiro_report,visit_record,,dropdown,De-identified spirometry report attached?,"1, Yes, all attached | 2, No, none attached | 3, Some attached, some yet to be attached.",,,,,,[pft_prev] = '1' and [prev_pft_type(1)] = '1',,,,,,
prev_pleth_date,visit_record,,text,Date of Plethysmography:,,,date_ymd,,,,[pft_prev] = '1' and [prev_pft_type(2)] = '1',,,,,,
pleth_height,visit_record,,text,Height at plethysmography(cm),,,integer,50,,,[pft_prev] = '1' and [prev_pft_type(2)] = '1',,,,,,
reff_prev,visit_record,,text,R eff [kPa*s/L] - absolute value,,,number_2dp,,,,[pft_prev] = '1' and [prev_pft_type(2)] = '1',,,,,,
tgv_prev,visit_record,,text,TGV [L] - absolute value,,,number_2dp,,,,[pft_prev] = '1' and [prev_pft_type(2)] = '1',,,,,,
rv_prev,visit_record,,text,RV [L] - absolute value,,,number_2dp,,,,[pft_prev] = '1' and [prev_pft_type(2)] = '1',,,,,,
tlc_prev,visit_record,,text,"TLC [L] - absolute value	",,,number_2dp,,,,[pft_prev] = '1' and [prev_pft_type(2)] = '1',,,,,,
prev_pleth_report,visit_record,,dropdown,De-identified plethysmography report attached?,"1, Yes, all attached | 2, No, none attached | 3, Some attached, some yet to be attached.",,,,,,[pft_prev] = '1' and [prev_pft_type(2)] = '1',,,,,,
prev_diffusion_date,visit_record,,text,Date of Diffusing Capacity:,,,date_ymd,,,,[pft_prev] = '1' and [prev_pft_type(3)] = '1',,,,,,
diffusion_height,visit_record,,text,Height at diffusing capacity (cm),,,integer,50,,,[pft_prev] = '1' and [prev_pft_type(3)] = '1',,,,,,
dlcoc_prev,visit_record,,text,DLCOc [ml/min/mmHg] - absolute value,,,number_2dp,,,,[pft_prev] = '1' and [prev_pft_type(3)] = '1',,,,,,
dlco_prev,visit_record,,text,DLCO [ml/min/mmHg] - absolute value,,,number,,,,[pft_prev] = '1' and [prev_pft_type(3)] = '1',,,,,,
hb_prev,visit_record,,text,Hb value used to correct DLCO,,,number_2dp,,,,[pft_prev] = '1' and [prev_pft_type(3)] = '1',,,,,,
frc_prev,visit_record,,text,FRC SB (L) - absolute value,,,number_2dp,,,,[pft_prev] = '1' and [prev_pft_type(3)] = '1',,,,,,
tlc_sb_prev,visit_record,,text,TLC SB (L),,,number_2dp,,,,[pft_prev] = '1' and [prev_pft_type(3)] = '1',,,,,,
prev_diffusion_report,visit_record,,dropdown,De-identified diffusing capacity report attached?,"1, Yes, all attached | 2, No, none attached | 3, Some attached, some yet to be attached.",,,,,,[pft_prev] = '1' and [prev_pft_type(3)] = '1',,,,,,
pft,visit_record,,yesno,Was pulmonary function testing performed on the day of testing?,,,,,,,,,,,,,
pft_date,visit_record,,text,Date of Pulmonary Function Tests:,,,date_ymd,,,,[pft] = '1',,,,,,
pft_type,visit_record,,checkbox,Check all applicable:,"1, Spirometry | 2, Plethysmography | 3, Lung Diffusion Capacity",,,,,,[pft] = '1',,,,,,
pft_report,visit_record,,dropdown,De-identified spirometry report(s) attached to paper form?,"1, Yes, all attached | 2, No, none attached | 3, Some attached, some yet to be attached.",,,,,,[pft] = '1',,,,,,
fvc,visit_record,,text,FVC [L] - absolute value,,,number_2dp,,,,[pft] = '1' and [pft_type(1)] = '1',,,,,,
fev1,visit_record,,text,FEV1 [L] - absolute value,,,number_2dp,,,,[pft] = '1' and [pft_type(1)] = '1',,,,,,
fef2575,visit_record,,text,"FEF25-75 [L/s] - absolute value
",,,number_2dp,,,,[pft] = '1' and [pft_type(1)] = '1',,,,,,
spiro_end,visit_record,,yesno,Did spirometry meet end of test criteria?,,,,,,,[pft] = '1' and [pft_type(1)] = '1',,,,,,
spiro_reprod,visit_record,,yesno,"Did spirometry meet reproducibility criteria?
",,,,,,,[pft] = '1' and [pft_type(1)] = '1',,,,,,
reff,visit_record,,text,R eff [kPa*s/L] - absolute value,,,number_2dp,,,,[pft] = '1' and [pft_type(2)] = '1',,,,,,
tgv,visit_record,,text,TGV [L] - absolute value,,,number_2dp,,,,[pft] = '1' and [pft_type(2)] = '1',,,,,,
rv,visit_record,,text,RV [L] - absolute value,,,number_2dp,,,,[pft] = '1' and [pft_type(2)] = '1',,,,,,
tlc,visit_record,,text,"TLC [L] - absolute value	",,,number_2dp,,,,[pft] = '1' and [pft_type(2)] = '1',,,,,,
dlcoc,visit_record,,text,DLCOc [ml/min/mmHg] - absolute value,,,number_2dp,,,,[pft] = '1' and [pft_type(3)] = '1',,,,,,
dlco,visit_record,,text,DLCO [ml/min/mmHg] - absolute value,,,number,,,,[pft] = '1' and [pft_type(3)] = '1',,,,,,
hb,visit_record,,text,Hb value used to correct DLCO,,,number_2dp,,,,[pft] = '1' and [pft_type(3)] = '1',,,,,,
frc,visit_record,,text,FRC SB (L) - absolute value,,,number_2dp,,,,[pft] = '1' and [pft_type(3)] = '1',,,,,,
tlc_sb,visit_record,,text,TLC SB (L),,,number_2dp,,,,[pft] = '1' and [pft_type(3)] = '1',,,,,,
current_age,visit_record,Questionnaires,dropdown,Current age range,"1, 2-5 | 2, 6-11 | 3, 12-13 | 4, 14+",,,,,,,,,,,,
cfqr,visit_record,,yesno,"For participants with cystic fibrosis, was the age-appropriate CFQ-R (Respiratory domain only) questionnaire completed?",,,,,,,[resp_disease_cat(1)] = '1',,,,,,
cfqr_report,visit_record,,yesno,Deidentified report placed in the study binder?,,,,,,,[cfqr]='1',,,,,,
stgeorge_qtn,visit_record,,yesno,"For participants >12 years of age with non-CF respiratory disease, was the St George Respiratory Questionnaire completed?",,,,,,,([resp_disease_cat(2)] = '1' or [resp_disease_cat(3)] = '1' or [resp_disease_cat(4)] = '1' or [resp_disease_cat(5)] = '1' or [resp_disease_cat(6)] = '1' or [resp_disease_cat(7)] = '1' or [resp_disease_cat(8)] = '1' or [resp_disease_cat(9)] = '1' or [resp_disease_cat(99)] = '1')  AND ([current_age]='3' or [current_age]='4'),,,,,,
stgeorge_qtn_report,visit_record,,yesno,Deidentified report placed in the study binder?,,,,,,,[stgeorge_qtn]='1',,,,,,
congestion,visit_record,,radio,Over the last 2 weeks My child was congested,"1, A great deal | 2, Somewhat | 3, A little | 4, Not at all",,,,,,[cfqr]='1' AND ([current_age]='1' or [current_age]='2' or [current_age]='3'),,,,cfqr_resp_symp_1,,
day_cough,visit_record,,radio,Over the last 2 weeks my child coughed during the day,"1, A great deal | 2, Somewhat | 3, A little | 4, Not at all",,,,,,[cfqr]='1' AND ([current_age]='1' or [current_age]='2' or [current_age]='3'),,,,cfqr_resp_symp_1,,
mucus,visit_record,,radio,Over the last 2 weeks my child coughed up mucus,"1, A great deal | 2, Somewhat | 3, A little | 4, Not at all",,,,,,[cfqr]='1' AND ([current_age]='1' or [current_age]='2' or [current_age]='3'),,,,cfqr_resp_symp_1,,
mucus_color,visit_record,,radio,My child's mucus has been mostly:,"1, Clear | 2, Clear to yellow | 3, Yellowish-green | 4, Green with traces of blood | 5, Not applicable | 98, Don't know",,,,,,"[cfqr]='1' AND
([current_age] = '2' or [current_age] = '3') AND 
([mucus] = '1' or [mucus] = '2' or [mucus] = '3')",,,,,,
wheezing,visit_record,,radio,Over the past two weeks my child wheezed,"1, Always | 2, Often | 3, Sometimes | 4, Never",,,,,,[cfqr]='1' AND ([current_age]='1' or [current_age]='2' or [current_age]='3'),,,,cfqr_resp_symp_2,,
trbl_brth,visit_record,,radio,Over the past two weeks my child had trouble breathing,"1, Always | 2, Often | 3, Sometimes | 4, Never",,,,,,[cfqr]='1' AND ([current_age]='1' or [current_age]='2' or [current_age]='3'),,,,cfqr_resp_symp_2,,
ngt_cough,visit_record,,radio,Over the past two weeks My child woke during the night because he/she was coughing,"1, Always | 2, Often | 3, Sometimes | 4, Never",,,,,,[cfqr]='1' AND ([current_age]='1' or [current_age]='2' or [current_age]='3'),,,,cfqr_resp_symp_2,,
day_cough_2,visit_record,,radio,Over the past two weeks I coughed during the day,"1, Always | 2, Often | 3, Sometimes | 4, Never",,,,,,[cfqr]='1' AND ([current_age]='2' or [current_age]='3'),,,,cfqr_resp_symp_3,,
ngt_cough_2,visit_record,,radio,Over the past two weeks I woke up during the night because I was coughing,"1, Always | 2, Often | 3, Sometimes | 4, Never",,,,,,[cfqr]='1' AND ([current_age]='2' or [current_age]='3'),,,,cfqr_resp_symp_3,,
mucus_2,visit_record,,radio,Over the past two weeks I had to cough up mucus,"1, Always | 2, Often | 3, Sometimes | 4, Never",,,,,,[cfqr]='1' AND ([current_age]='2' or [current_age]='3'),,,,cfqr_resp_symp_3,,
trbl_brth_2,visit_record,,radio,Over the past two weeks I had trouble breathing,"1, Always | 2, Often | 3, Sometimes | 4, Never",,,,,,[cfqr]='1' AND ([current_age]='2' or [current_age]='3'),,,,cfqr_resp_symp_3,,
congestion_4,visit_record,Indicate how you have been feeling in the past two weeks.,radio,I have been congested,"1, A great deal | 2, Somewhat | 3, A little | 4, Not at all",,,,,,[cfqr]='1' AND [current_age]='4',,,,cfqr_resp_symp_4,,
day_cough_4,visit_record,,radio,I have been coughing during the day,"1, A great deal | 2, Somewhat | 3, A little | 4, Not at all",,,,,,[cfqr]='1' AND [current_age]='4',,,,cfqr_resp_symp_4,,
cough_mucous_4,visit_record,,radio,Have you had to cough up mucous?,"1, A great deal | 2, Somewhat | 3, A little | 4, Not at all",,,,,,[cfqr]='1' AND [current_age]='4',,,,cfqr_resp_symp_4,,
mucus_color_2,visit_record,,radio,My mucus has been mostly:,"1, Clear | 2, Clear to yellow | 3, Yellowish-green | 4, Green with traces of blood | 5, Not applicable | 98, Don't know",,,,,,[cfqr]='1' AND [current_age]='4' AND ([cough_mucous_4] = '1' or [cough_mucous_4] = '2' or [cough_mucous_4] = '3'),,,,,,
wheezing_2,visit_record,Indicate how you have been feeling in the past two weeks.,radio,I have been wheezing,"1, Always | 2, Often | 3, Sometimes | 4, Never",,,,,,[cfqr]='1' AND [current_age]='4',,,,cfqr_resp_symp_6,,
trbl_brth_4,visit_record,,radio,I have had trouble breathing,"1, Always | 2, Often | 3, Sometimes | 4, Never",,,,,,[cfqr]='1' AND [current_age]='4',,,,cfqr_resp_symp_6,,
ngt_cough_4,visit_record,,radio,I have woken up during the night because I was coughing,"1, Always | 2, Often | 3, Sometimes | 4, Never",,,,,,[cfqr]='1' AND [current_age]='4',,,,cfqr_resp_symp_6,,
sgrq_hlth,visit_record,,radio,I describe my current health as:,"1, Very good | 2, Good | 3, Fair | 4, Poor | 5, Very poor",,,,,,"[stgeorge_qtn]='1' and 
([current_age] = '3' or [current_age] = '4')",,,,,,
sgrq_cough,visit_record,,radio,I cough,"1, most days a week | 2, several days a week | 3, only with chest infections | 4, not at all",,,,,,"[stgeorge_qtn]='1' and 
([current_age] = '3' or [current_age] = '4')",,,,,,
sgrq_sptm,visit_record,,radio,I bring up phlegm (sputum):,"1, most days a week | 2, several days a week | 3, Only with chest infections | 4, not at all",,,,,,"[stgeorge_qtn]='1' and 
([current_age] = '3' or [current_age] = '4')",,,,,,
sgrq_brth_shrt,visit_record,,radio,I have shortness of breath:,"1, most days a week | 2, several days a week | 3, not at all",,,,,,"[stgeorge_qtn]='1' and 
([current_age] = '3' or [current_age] = '4')",,,,,,
sgrq_attk_wheez,visit_record,,radio,I have attacks of wheezing:,"1, most days a week | 2, several days a week | 3, a few days a month | 4, only with chest infections | 5, not at all",,,,,,"[stgeorge_qtn]='1' and 
([current_age] = '3' or [current_age] = '4')",,,,,,
sgrq_attks_lastyear,visit_record,,radio,How many attacks of chest trouble did you have during the last year?,"1, 3 or more attacks | 2, 1 or 2 attacks | 3, none",,,,,,"[stgeorge_qtn]='1' and 
([current_age] = '3' or [current_age] = '4')",,,,,,
sgrq_good_days,visit_record,,radio,"How often do you have good days (with little chest trouble)?
","1, no good days | 2, a few good days | 3, most days are good | 4, every day is good",,,,,,"[stgeorge_qtn]='1' and 
([current_age] = '3' or [current_age] = '4')",,,,,,
sgrq_am_wheeze,visit_record,,radio,"If you have a wheeze, is it worse in the morning?","1, Yes | 0, No",,,,,,"[stgeorge_qtn]='1' and 
([current_age] = '3' or [current_age] = '4')",,,,,,
sgrq_chest_cond,visit_record,,radio,How would you describe your chest condition?,"1, Causes me a lot of problems or is the most important problem I have | 2, Causes me a few problems | 3, Causes no problem",,,,,,"[stgeorge_qtn]='1' and 
([current_age] = '3' or [current_age] = '4')",,,,,,
sgrq_wash,visit_record,Questions about what activities usually make you feel breathless.,radio,Getting washed or dressed,"1, True | 2, False",,,,,,"[stgeorge_qtn]='1' and 
([current_age] = '3' or [current_age] = '4')",,,,sgrq_activities_breathless,,
sgrq_walk_in,visit_record,,radio,Walking around the home,"1, True | 2, False",,,,,,"[stgeorge_qtn]='1' and 
([current_age] = '3' or [current_age] = '4')",,,,sgrq_activities_breathless,,
sgrq_walk_out,visit_record,,radio,Walking outside on the level,"1, True | 2, False",,,,,,"[stgeorge_qtn]='1' and 
([current_age] = '3' or [current_age] = '4')",,,,sgrq_activities_breathless,,
sgrq_stairs,visit_record,,radio,Walking up a flight of stairs,"1, True | 2, False",,,,,,"[stgeorge_qtn]='1' and 
([current_age] = '3' or [current_age] = '4')",,,,sgrq_activities_breathless,,
sgrq_hills,visit_record,,radio,Walking up hills,"1, True | 2, False",,,,,,"[stgeorge_qtn]='1' and 
([current_age] = '3' or [current_age] = '4')",,,,sgrq_activities_breathless,,
sgrq_cough_hurt,visit_record,,radio,My cough hurts,"1, True | 2, False",,,,,,"[stgeorge_qtn]='1' and 
([current_age] = '3' or [current_age] = '4')",,,,sgrq_activities_breathless,,
sgrq_cough_tired,visit_record,,radio,My cough makes me tired,"1, True | 2, False",,,,,,"[stgeorge_qtn]='1' and 
([current_age] = '3' or [current_age] = '4')",,,,sgrq_activities_breathless,,
sgrq_breathless,visit_record,,radio,I am breathless when I talk,"1, True | 2, False",,,,,,"[stgeorge_qtn]='1' and 
([current_age] = '3' or [current_age] = '4')",,,,sgrq_activities_breathless,,
sgrq_bend_over,visit_record,,radio,I am breathless when I bend over,"1, True | 2, False",,,,,,"[stgeorge_qtn]='1' and 
([current_age] = '3' or [current_age] = '4')",,,,sgrq_activities_breathless,,
sgrq_cough_sleep,visit_record,,radio,My cough or breathing disturbs my sleep,"1, True | 2, False",,,,,,"[stgeorge_qtn]='1' and 
([current_age] = '3' or [current_age] = '4')",,,,sgrq_activities_breathless,,
sgrq_exhausted,visit_record,,radio,I get exhausted easily,"1, True | 2, False",,,,,,"[stgeorge_qtn]='1' and 
([current_age] = '3' or [current_age] = '4')",,,,sgrq_activities_breathless,,
sgrq_embarrasing,visit_record,Questions about other effects that your chest trouble may have on you,radio,My cough or breathing is embarrassing in public,"1, True | 2, False",,,,,,"[stgeorge_qtn]='1' and 
([current_age] = '3' or [current_age] = '4')",,,,sgrq_effects_disease,,
sgrq_nuisance,visit_record,,radio,"My chest trouble is a nuisance to my family, friends or neighbours","1, True | 2, False",,,,,,"[stgeorge_qtn]='1' and 
([current_age] = '3' or [current_age] = '4')",,,,sgrq_effects_disease,,
sgrq_panic,visit_record,,radio,I get afraid or panic when I cannot get my breath,"1, True | 2, False",,,,,,"[stgeorge_qtn]='1' and 
([current_age] = '3' or [current_age] = '4')",,,,sgrq_effects_disease,,
sgrq_control,visit_record,,radio,I feel that I am not in control of my chest problem,"1, True | 2, False",,,,,,"[stgeorge_qtn]='1' and 
([current_age] = '3' or [current_age] = '4')",,,,sgrq_effects_disease,,
sgrq_frail,visit_record,,radio,I have become frail or an invalid because of my chest,"1, True | 2, False",,,,,,"[stgeorge_qtn]='1' and 
([current_age] = '3' or [current_age] = '4')",,,,sgrq_effects_disease,,
sgrq_exercise,visit_record,,radio,Exercise is not safe for me,"1, True | 2, False",,,,,,"[stgeorge_qtn]='1' and 
([current_age] = '3' or [current_age] = '4')",,,,sgrq_effects_disease,,
sgrq_effort,visit_record,,radio,Everything seems too much of an effort,"1, True | 2, False",,,,,,"[stgeorge_qtn]='1' and 
([current_age] = '3' or [current_age] = '4')",,,,sgrq_effects_disease,,
sgrq_time_dress,visit_record,Questions about how your activities might be affected by your breathing.,radio,I take a long time to get washed or dressed.,"1, True | 2, False",,,,,,"[stgeorge_qtn]='1' and 
([current_age] = '3' or [current_age] = '4')",,,,sgrq_act_breath,,
sgrq_time_bath,visit_record,,radio,"I cannot take a bath or shower, or I take a long time","1, True | 2, False",,,,,,"[stgeorge_qtn]='1' and 
([current_age] = '3' or [current_age] = '4')",,,,sgrq_act_breath,,
sgrq_time_walk,visit_record,,radio,"I walk slower than other people, or I stop for rests","1, True | 2, False",,,,,,"[stgeorge_qtn]='1' and 
([current_age] = '3' or [current_age] = '4')",,,,sgrq_act_breath,,
sgrq_time_shores,visit_record,,radio,"Jobs such as housework take a long time, or I have to stop for rests","1, True | 2, False",,,,,,"[stgeorge_qtn]='1' and 
([current_age] = '3' or [current_age] = '4')",,,,sgrq_act_breath,,
sgrq_walk_stairs,visit_record,,radio,"If I walk up one flight of stairs, I have to go slowly or stop","1, True | 2, False",,,,,,"[stgeorge_qtn]='1' and 
([current_age] = '3' or [current_age] = '4')",,,,sgrq_act_breath,,
sgrq_walk_fast,visit_record,,radio,"If I hurry or walk fast, I have to stop or slow down","1, True | 2, False",,,,,,"[stgeorge_qtn]='1' and 
([current_age] = '3' or [current_age] = '4')",,,,sgrq_act_breath,,
sgrq_breath_walk,visit_record,,radio,"My breathing makes it difficult to do things such as walk up hills, carrying things up stairs, light gardening such as weeding, dance, play bowls or play golf","1, True | 2, False",,,,,,"[stgeorge_qtn]='1' and 
([current_age] = '3' or [current_age] = '4')",,,,sgrq_act_breath,,
sgrq_breath_loads,visit_record,,radio,"My breathing makes it difficult to do things such as carry heavy loads, dig the garden or shovel snow, jog or walk at 5 miles per hour, play tennis or swim","1, True | 2, False",,,,,,"[stgeorge_qtn]='1' and 
([current_age] = '3' or [current_age] = '4')",,,,sgrq_act_breath,,
sgrq_sprts,visit_record,We would like to know how your chest trouble usually affects your daily life,radio,I cannot play sports or games,"1, True | 2, False",,,,,,"[stgeorge_qtn]='1' and 
([current_age] = '3' or [current_age] = '4')",,,,sgrq_dyly_life,,
sgrq_rcrtn,visit_record,,radio,I cannot go out for entertainment or recreation,"1, True | 2, False",,,,,,"[stgeorge_qtn]='1' and 
([current_age] = '3' or [current_age] = '4')",,,,sgrq_dyly_life,,
sgrq_shppng,visit_record,,radio,I cannot go out of the house to do the shopping,"1, True | 2, False",,,,,,"[stgeorge_qtn]='1' and 
([current_age] = '3' or [current_age] = '4')",,,,sgrq_dyly_life,,
sgrq_hswrk,visit_record,,radio,I cannot do housework,"1, True | 2, False",,,,,,"[stgeorge_qtn]='1' and 
([current_age] = '3' or [current_age] = '4')",,,,sgrq_dyly_life,,
sgrq_move,visit_record,,radio,I cannot move far from my bed or chair,"1, True | 2, False",,,,,,"[stgeorge_qtn]='1' and 
([current_age] = '3' or [current_age] = '4')",,,,sgrq_dyly_life,,
sgrq_rd_affect,visit_record,,radio,How does your chest trouble affect you?,"1, It does not stop me doing anything I would like to do | 2, It stops me doing one or two things I would like to do | 3, It stops me doing most of the things I would like to do | 4, It stops me doing everything I would like to do",,,,,,"[stgeorge_qtn]='1' and 
([current_age] = '3' or [current_age] = '4')",,,,,,
micro_complete,visit_record,Respiratory Culture Review,yesno,Was an airway culture collected clinically since the last visit?,,,,,,,,y,,,,,
micro_test_date,visit_record,,text,Test Date,,,date_ymd,,,,[micro_complete] = '1',,,,,,
micro_source,visit_record,,radio,Culture Source,"1, Sputum | 2, Cough/throat swab | 3, BAL",,,,,,[micro_complete] = '1',,,,,,
micro_upload,visit_record,,file,Airway Culture Report Upload,,,,,,,[micro_complete] = '1',,,,,,
micro_results,visit_record,,checkbox,Airway Culture Microbiology ID,"1, Methicillin sensitive Staphylococcus aureus | 2, Haemophilus influenzae | 3, Pseudomonas aeruginosa | 4, Achromobacter spp. | 5, Stentrophomonas maltophilia | 6, Methicillin resistant Staphyloccocus aureus | 7, Burkholderia cepacia complex {bcc_micro} | 8, Non-tuberculous mycobacteria {ntm_micro} | 9, Fungal species {aspergillus_micro} {fungal_micro} | 0, Other species (separate with ; if more than one) {other_species_micro}",,,,,,[micro_complete] = '1',,,,,,
bcc_micro,visit_record,,text,Specific Burkholderia cepacia complex,,,,,,,[micro_results(7)] = '1',,,,,,
ntm_micro,visit_record,,text,Specific non-tuberculous mycobacteria,,,,,,,[micro_results(8)] = '1',,,,,,
fungal_micro,visit_record,,text,Specific fungal species,,,,,,,[micro_results(9)] = '1',,,,,,
aspergillus_micro,visit_record,,checkbox,,"1, Aspergillus sp",,,,,,[micro_results(9)] = '1',,,,,,
other_species_micro,visit_record,,text,Specific other species,,,,,,,[micro_results(0)] = '1',,,,,,
xray,visit_record,Clinical Radiology Review,yesno,Has a chest x-ray been done since the last visit?,,,,,,,,,,,,,
xray_date,visit_record,,text,Date of last Chest X-ray:,,,date_ymd,,,,[xray] = '1',,,,,,
xray_report,visit_record,,yesno,Deidentified report placed in the study binder?,,,,,,,[xray] = '1',,,,,,
xray_findings,visit_record,,checkbox,Reported findings on Chest X-ray (check all that apply),"1, no significant abnormality | 2, interstitial pattern | 3, reticulonodular pattern | 4, perihilar marking | 99, other",,,,,,[xray] = '1',,,,,,
other_xray_find,visit_record,,text,"Other reported findings on Chest X-ray	",,,,,,,[xray] = '1' and [xray_findings(99)] = '1',,,,,, @CHARLIMIT='500'
xray_dicom,visit_record,,yesno,Chest xray DICOM uploaded?,,,,,,,[xray] = '1',,,,,, @CHARLIMIT='500'
ctscan,visit_record,,yesno,"Has a chest CT been done since the last visit?
",,,,,,,,,,,,,
ctscan_date,visit_record,,text,Date of last chest CT-scan:,,,date_ymd,,,,[ctscan] = '1',,,,,,
ctscan_report,visit_record,,yesno,Deidentified report placed in the study binder?,,,,,,,[ctscan] = '1',,,,,,
ctscan_contrast,visit_record,,yesno,"Contrast used?
",,,,,,,[ctscan] = '1',,,,,,
ctscan_exp,visit_record,,yesno,Expiratory views (paired with inspiratory views) done?,,,,,,,[ctscan] = '1',,,,,,
ctscan_find,visit_record,,checkbox,Reported findings on CT chest (check all that apply),"1, Normal CT chest (no abnormalities) | 2, Mosaic perfusion / air (gas) trapping | 3, Ground glass | 4, Septal thickening | 5, Tree-in-bud changes | 6, Airway / Bronchial wall thickening | 7, Bronchial dilatation | 8, Bronchiectasis | 9, Mucous plugging | 10, Pulmonary nodule(s) | 11, Other (specify below)",,,,,,[ctscan] = '1',,,,,,
other_ctscan_find,visit_record,,text,Other CT chest findings,,,,,,,[ctscan] = '1' and [ctscan_find(11)] = '1',,,,,, @CHARLIMIT='500'
ct_dicom,visit_record,,yesno,CT DICOM uploaded?,,,,,,,[ctscan] = '1',,,,,,
biopsy,visit_record,Pathology Review,yesno,Has a lung biopsy been done since the last visit?,,,,,,,,,,,,,
biopsy_date,visit_record,,text,Date of lung biopsy:,,,date_ymd,,,,[biopsy] = '1',,,,,,
biopsy_report,visit_record,,yesno,Deidentified report placed in the study binder?,,,,,,,[biopsy] = '1',,,,,,
biopsy_find,visit_record,,text,"Key findings from biopsy report?
",,,,,,,[biopsy] = '1',,,,,, @CHARLIMIT='500'
dissolved_phase,visit_record,Hemoglobin Measure,yesno,Was a dissolved phase scan conducted at this study visit?,,,,,,,,,,,,,
hemoglobin_measured,visit_record,,yesno,"If yes, were hemoglobin levels measured?",,,,,,,[dissolved_phase] = '1',,,,,,
hem_measurement_method,visit_record,,radio,"If yes, select the appropriate collection method and list hemoglobin value","1, Non-invasive hemoglobin measurement | 2, Laboratory blood test | 3, Other",,,,,,[hemoglobin_measured] = '1',,,,,,
noninvasive_test_date,visit_record,,text,Date of test ,,,date_ymd,,,,[hem_measurement_method] = '1',,,,,,
noninvasive_value,visit_record,,text,Value (g/L),,,number,,,,[hem_measurement_method] = '1',,,,,,
lab_date,visit_record,,text,Date of Test ,,,date_ymd,,,,[hem_measurement_method] = '2',,,,,,
lab_value,visit_record,,text,Value (g/L),,,number,,,,[hem_measurement_method] = '2',,,,,,
hem_measurement_other,visit_record,,text,"If other, please specify",,,,,,,[hem_measurement_method] = '3',,,,,,
xe_mri_dose,xe_dosing,,yesno,Was a measured total lung capacity (the past 12 months [paediatric] or 5 years [adult]) used for maximal Xe dosing?,,,,,,,,,,,,,
tlc_date,xe_dosing,,text,"If 'Yes', please indicate date:",,,date_ymd,,,,,,,,,,
tlc_mri,xe_dosing,,text,"Indicate Total Lung Capacity value used, either measured or theoretical:",,,number,0,20,,,,,,,, @PLACEHOLDER='Litres'
time_in_3t,pulmonary_mri_checklist,Timing,text,Time in 3T Suite: ,,,time,,,,,,,,,,
time_out_3t,pulmonary_mri_checklist,,text,Time out of 3T Suite: ,,,time,,,,,,,,,,
xe_max_dose_type,pulmonary_mri_checklist,Xenon dosing calculation,radio,What method was used to calculate the maximum xenon dose?,"1, Measured TLC (day of test) | 2, Measured TLC (previous) | 3, Predicted TLC",,,,,,,,,,,,
xe_max_dose_1,pulmonary_mri_checklist,,calc,Measured TLC - Max Xe dose (L):,"round([tlc]/6,2)",,,,,,,,,,,,
xe_max_dose_2,pulmonary_mri_checklist,,calc,Previous TLC - Max Xe dose (L):,"round([tlc_prev]/6, 2)",,,,,,,,,,,,
xe_max_dose_3,pulmonary_mri_checklist,,calc,Predicted TLC - Max Xe dose (L):,"round([tlc_pred]/6,2)",,,,,,,,,,,,
calib_done,pulmonary_mri_checklist,Calibration history,checkbox,Calibration performed:,"1, FID CSI | 2, Fidall Xe Calibration",,,,,,,,,,,,
fidcsi_freq,pulmonary_mri_checklist,,text,"If FID CSI, 129Xe centre frequency:",,,,,,,[calib_done(1)] = '1',,,,,,
fidall_freq,pulmonary_mri_checklist,,text,"If Fidall Xe Calibration, centre frequency",,,,,,,[calib_done(2)] = '1',,,,,,
fidall_tg,pulmonary_mri_checklist,,text,"If Fidall Xe Calibration, TG:",,,,,,,[calib_done(2)] = '1',,,,,,
data_backup,pulmonary_mri_checklist,Confirm data upload,yesno,"Data back-up?
DICOMs and p-files
",,,,,,,,,,,,,
checklist_freetxt,pulmonary_mri_checklist,Notes,notes,Free-text notes on this scan:,,,,,,,,,,,,,
scan_params,scans,Scan Parameters,descriptive,"<div class=""rich-text-field-label""><table style=""border-collapse: collapse; width: 100%; height: 283px;"" border=""1""> <tbody> <tr style=""height: 17px;""> <td style=""height: 34px; border: 1px solid #000000; width: 8.69565%;"">Scan #</td> <td style=""height: 34px; border: 1px solid #000000; width: 30.1449%;"">Sequence Name</td> <td style=""width: 15.2174%;""> <p>Lung Volume</p> </td> <td style=""width: 14.7825%; height: 17px;"">TG</td> <td style=""width: 15.5072%; height: 17px;""># slices</td> <td style=""width: 15.6523%;"">Phase FOV</td> </tr> <tr style=""height: 17px;""> <td style=""width: 8.69565%; height: 11px; border: 1px solid #000000;"">1</td> <td style=""width: 30.1449%; height: 11px; border: 1px solid #000000;"">{sequence_name_1}</td> <td style=""width: 15.2174%;"">{mri_vol_1}</td> <td style=""width: 14.7825%; height: 11px;"">{tg_1}</td> <td style=""height: 15pt; width: 15.5072%;"" width=""64"" height=""20"">{slices_1}</td> <td style=""height: 15pt; width: 15.6523%;"" width=""64"" height=""20"">{phase_fov_1}</td> </tr> <tr style=""height: 17px;""> <td style=""width: 8.69565%; height: 17px; border: 1px solid #000000;"">2</td> <td style=""width: 30.1449%; height: 17px; border: 1px solid #000000;"">{sequence_name_2}</td> <td style=""width: 15.2174%;"">{mri_vol_2}</td> <td style=""width: 14.7825%; height: 17px;"">{tg_2}</td> <td style=""height: 15pt; width: 15.5072%;"" height=""20"">{slices_2}</td> <td style=""height: 15pt; width: 15.6523%;"" height=""20"">{phase_fov_2}</td> </tr> <tr style=""height: 17px;""> <td style=""width: 8.69565%; height: 17px; border: 1px solid #000000;"">3</td> <td style=""width: 30.1449%; height: 17px; border: 1px solid #000000;"">{sequence_name_3}</td> <td style=""width: 15.2174%;"">{mri_vol_3}</td> <td style=""width: 14.7825%; height: 17px;"">{tg_3}</td> <td style=""height: 15pt; width: 15.5072%;"" height=""20"">{slices_3}</td> <td style=""height: 15pt; width: 15.6523%;"" height=""20"">{phase_fov_3}</td> </tr> <tr style=""height: 17px;""> <td style=""width: 8.69565%; height: 17px; border: 1px solid #000000;"">4</td> <td style=""width: 30.1449%; height: 17px; border: 1px solid #000000;"">{sequence_name_4}</td> <td style=""width: 15.2174%;"">{mri_vol_4}</td> <td style=""width: 14.7825%; height: 17px;"">{tg_4}</td> <td style=""height: 15pt; width: 15.5072%;"" height=""20"">{slices_4}</td> <td style=""height: 15pt; width: 15.6523%;"" height=""20"">{phase_fov_4}</td> </tr> <tr style=""height: 17px;""> <td style=""width: 8.69565%; height: 17px; border: 1px solid #000000;"">5</td> <td style=""width: 30.1449%; height: 17px; border: 1px solid #000000;"">{sequence_name_5}</td> <td style=""width: 15.2174%;"">{mri_vol_5}</td> <td style=""width: 14.7825%; height: 17px;"">{tg_5}</td> <td style=""height: 15pt; width: 15.5072%;"" height=""20"">{slices_5}</td> <td style=""height: 15pt; width: 15.6523%;"" height=""20"">{phase_fov_5}</td> </tr> <tr style=""height: 17px;""> <td style=""width: 8.69565%; height: 17px; border: 1px solid #000000;"">6</td> <td style=""width: 30.1449%; height: 17px; border: 1px solid #000000;"">{sequence_name_6}</td> <td style=""width: 15.2174%;"">{mri_vol_6}</td> <td style=""width: 14.7825%; height: 17px;"">{tg_6}</td> <td style=""height: 15pt; width: 15.5072%;"" height=""20"">{slices_6}</td> <td style=""height: 15pt; width: 15.6523%;"" height=""20"">{phase_fov_6}</td> </tr> <tr style=""height: 17px;""> <td style=""width: 8.69565%; height: 17px; border: 1px solid #000000;"">7</td> <td style=""width: 30.1449%; height: 17px; border: 1px solid #000000;"">{sequence_name_7}</td> <td style=""width: 15.2174%;"">{mri_vol_7}</td> <td style=""width: 14.7825%; height: 17px;"">{tg_7}</td> <td style=""height: 15pt; width: 15.5072%;"" height=""20"">{slices_7}</td> <td style=""height: 15pt; width: 15.6523%;"" height=""20"">{phase_fov_7}</td> </tr> <tr style=""height: 17px;""> <td style=""width: 8.69565%; height: 17px; border: 1px solid #000000;"">8</td> <td style=""width: 30.1449%; height: 17px; border: 1px solid #000000;"">{sequence_name_8}</td> <td style=""width: 15.2174%;"">{mri_vol_8}</td> <td style=""width: 14.7825%; height: 17px;"">{tg_8}</td> <td style=""height: 15pt; width: 15.5072%;"" height=""20"">{slices_8}</td> <td style=""height: 15pt; width: 15.6523%;"" height=""20"">{phase_fov_8}</td> </tr> <tr style=""height: 17px;""> <td style=""width: 8.69565%; height: 17px; border: 1px solid #000000;"">9</td> <td style=""width: 30.1449%; height: 17px; border: 1px solid #000000;"">{sequence_name_9}</td> <td style=""width: 15.2174%;"">{mri_vol_9}</td> <td style=""width: 14.7825%; height: 17px;"">{tg_9}</td> <td style=""height: 15pt; width: 15.5072%;"" height=""20"">{slices_9}</td> <td style=""height: 15pt; width: 15.6523%;"" height=""20"">{phase_fov_9}</td> </tr> <tr style=""height: 17px;""> <td style=""width: 8.69565%; height: 17px; border: 1px solid #000000;"">10</td> <td style=""width: 30.1449%; height: 17px; border: 1px solid #000000;"">{sequence_name_10}</td> <td style=""width: 15.2174%;"">{mri_vol_10}</td> <td style=""width: 14.7825%; height: 17px;"">{tg_10}</td> <td style=""height: 15pt; width: 15.5072%;"" height=""20"">{slices_10}</td> <td style=""height: 15pt; width: 15.6523%;"" height=""20"">{phase_fov_10}</td> </tr> <tr style=""height: 17px;""> <td style=""width: 8.69565%; height: 17px; border: 1px solid #000000;"">11</td> <td style=""width: 30.1449%; height: 17px; border: 1px solid #000000;"">{sequence_name_11}</td> <td style=""width: 15.2174%;"">{mri_vol_11}</td> <td style=""width: 14.7825%; height: 17px;"">{tg_11}</td> <td style=""height: 15pt; width: 15.5072%;"" height=""20"">{slices_11}</td> <td style=""height: 15pt; width: 15.6523%;"" height=""20"">{phase_fov_11}</td> </tr> <tr style=""height: 17px;""> <td style=""width: 8.69565%; height: 17px; border: 1px solid #000000;"">12</td> <td style=""width: 30.1449%; height: 17px; border: 1px solid #000000;"">{sequence_name_12}</td> <td style=""width: 15.2174%;"">{mri_vol_12}</td> <td style=""width: 14.7825%; height: 17px;"">{tg_12}</td> <td style=""height: 15pt; width: 15.5072%;"" height=""20"">{slices_12}</td> <td style=""height: 15pt; width: 15.6523%;"" height=""20"">{phase_fov_12}</td> </tr> <tr style=""height: 17px;""> <td style=""width: 8.69565%; height: 17px; border: 1px solid #000000;"">13</td> <td style=""width: 30.1449%; height: 17px; border: 1px solid #000000;"">{sequence_name_13}</td> <td style=""width: 15.2174%;"">{mri_vol_13}</td> <td style=""width: 14.7825%; height: 17px;"">{tg_13}</td> <td style=""height: 15pt; width: 15.5072%;"" height=""20"">{slices_13}</td> <td style=""height: 15pt; width: 15.6523%;"" height=""20"">{phase_fov_13}</td> </tr> <tr style=""height: 17px;""> <td style=""width: 8.69565%; height: 17px; border: 1px solid #000000;"">14</td> <td style=""width: 30.1449%; height: 17px; border: 1px solid #000000;"">{sequence_name_14}</td> <td style=""width: 15.2174%;"">{mri_vol_14}</td> <td style=""width: 14.7825%; height: 17px;"">{tg_14}</td> <td style=""height: 15pt; width: 15.5072%;"" height=""20"">{slices_14}</td> <td style=""height: 15pt; width: 15.6523%;"" height=""20"">{phase_fov_14}</td> </tr> <tr style=""height: 17px;""> <td style=""width: 8.69565%; height: 17px; border: 1px solid #000000;"">15</td> <td style=""width: 30.1449%; height: 17px; border: 1px solid #000000;"">{sequence_name_15}</td> <td style=""width: 15.2174%;"">{mri_vol_15}</td> <td style=""width: 14.7825%; height: 17px;"">{tg_15}</td> <td style=""height: 15pt; width: 15.5072%;"" height=""20"">{slices_15}</td> <td style=""height: 15pt; width: 15.6523%;"" height=""20"">{phase_fov_15}</td> </tr> <tr style=""height: 17px;""> <td style=""width: 8.69565%; height: 17px; border: 1px solid #000000;"">16</td> <td style=""width: 30.1449%; height: 17px; border: 1px solid #000000;"">{sequence_name_16}</td> <td style=""width: 15.2174%;"">{mri_vol_16}</td> <td style=""width: 14.7825%; height: 17px;"">{tg_16}</td> <td style=""height: 15pt; width: 15.5072%;"" height=""20"">{slices_16}</td> <td style=""height: 15pt; width: 15.6523%;"" height=""20"">{phase_fov_16}</td> </tr> <tr style=""height: 17px;""> <td style=""width: 8.69565%; height: 17px; border: 1px solid #000000;"">17</td> <td style=""width: 30.1449%; height: 17px; border: 1px solid #000000;"">{sequence_name_17}</td> <td style=""width: 15.2174%;"">{mri_vol_17}</td> <td style=""width: 14.7825%; height: 17px;"">{tg_17}</td> <td style=""height: 15pt; width: 15.5072%;"" height=""20"">{slices_17}</td> <td style=""height: 15pt; width: 15.6523%;"" height=""20"">{phase_fov_17}</td> </tr> <tr style=""height: 17px;""> <td style=""width: 8.69565%; height: 17px; border: 1px solid #000000;"">18</td> <td style=""width: 30.1449%; height: 17px; border: 1px solid #000000;"">{sequence_name_18}</td> <td style=""width: 15.2174%;"">{mri_vol_18}</td> <td style=""width: 14.7825%; height: 17px;"">{tg_18}</td> <td style=""height: 15pt; width: 15.5072%;"" height=""20"">{slices_18}</td> <td style=""height: 15pt; width: 15.6523%;"" height=""20"">{phase_fov_18}</td> </tr> <tr style=""height: 17px;""> <td style=""width: 8.69565%; height: 17px; border: 1px solid #000000;"">19</td> <td style=""width: 30.1449%; height: 17px; border: 1px solid #000000;"">{sequence_name_19}</td> <td style=""width: 15.2174%;"">{mri_vol_19}</td> <td style=""width: 14.7825%; height: 17px;"">{tg_19}</td> <td style=""height: 15pt; width: 15.5072%;"" height=""20"">{slices_19}</td> <td style=""height: 15pt; width: 15.6523%;"" height=""20"">{phase_fov_19}</td> </tr> <tr style=""height: 17px;""> <td style=""width: 8.69565%; height: 17px; border: 1px solid #000000;"">20</td> <td style=""width: 30.1449%; height: 17px; border: 1px solid #000000;"">{sequence_name_20}</td> <td style=""width: 15.2174%;"">{mri_vol_20}</td> <td style=""width: 14.7825%; height: 17px;"">{tg_20}</td> <td style=""height: 15pt; width: 15.5072%;"" height=""20"">{slices_20}</td> <td style=""height: 15pt; width: 15.6523%;"" height=""20"">{phase_fov_20}</td> </tr> </tbody> </table> <p> </p></div>",,,,,,,,,,,,,
scan_volumes,scans,Bag volumes,descriptive,"<div class=""rich-text-field-label""><table style=""border-collapse: collapse; width: 100%; height: 414px;"" border=""1""> <tbody> <tr style=""height: 17px;""> <td style=""width: 10%;"">Scan #</td> <td style=""width: 18%; height: 17px;"">Bag used?</td> <td style=""width: 18%; height: 17px;"">Xe used?</td> <td style=""width: 18%; height: 17px;"">V total (mL)</td> <td style=""width: 18%; height: 17px;"">V 129Xe (mL)</td> <td style=""width: 18%; height: 17px;"">Pol eff (%)</td> </tr> <tr style=""height: 17px;""> <td style=""width: 10%;"">1</td> <td style=""width: 18%; height: 11px;"">{bag_1}</td> <td style=""width: 18%; height: 11px;"">{xe_1}</td> <td style=""width: 18%; height: 11px;"">{vtotal_1}</td> <td style=""width: 18%; height: 11px;"">{vxe_1}</td> <td style=""width: 18%; height: 11px;"">{xe_pol_1}</td> </tr> <tr style=""height: 17px;""> <td style=""width: 10%;"">2</td> <td style=""width: 18%; height: 17px;"">{bag_2}</td> <td style=""width: 18%; height: 17px;"">{xe_2}</td> <td style=""width: 18%; height: 17px;"">{vtotal_2}</td> <td style=""width: 18%; height: 17px;"">{vxe_2}</td> <td style=""width: 18%; height: 17px;"">{xe_pol_2}</td> </tr> <tr style=""height: 17px;""> <td style=""width: 10%;"">3</td> <td style=""width: 18%; height: 17px;"">{bag_3}</td> <td style=""width: 18%; height: 17px;"">{xe_3}</td> <td style=""width: 18%; height: 17px;"">{vtotal_3}</td> <td style=""width: 18%; height: 17px;"">{vxe_3}</td> <td style=""width: 18%; height: 17px;"">{xe_pol_3}</td> </tr> <tr style=""height: 17px;""> <td style=""width: 10%;"">4</td> <td style=""width: 18%; height: 17px;"">{bag_4}</td> <td style=""width: 18%; height: 17px;"">{xe_4}</td> <td style=""width: 18%; height: 17px;"">{vtotal_4}</td> <td style=""width: 18%; height: 17px;"">{vxe_4}</td> <td style=""width: 18%; height: 17px;"">{xe_pol_4}</td> </tr> <tr style=""height: 17px;""> <td style=""width: 10%;"">5</td> <td style=""width: 18%; height: 17px;"">{bag_5}</td> <td style=""width: 18%; height: 17px;"">{xe_5}</td> <td style=""width: 18%; height: 17px;"">{vtotal_5}</td> <td style=""width: 18%; height: 17px;"">{vxe_5}</td> <td style=""width: 18%; height: 17px;"">{xe_pol_5}</td> </tr> <tr style=""height: 17px;""> <td style=""width: 10%;"">6</td> <td style=""width: 18%; height: 17px;"">{bag_6}</td> <td style=""width: 18%; height: 17px;"">{xe_6}</td> <td style=""width: 18%; height: 17px;"">{vtotal_6}</td> <td style=""width: 18%; height: 17px;"">{vxe_6}</td> <td style=""width: 18%; height: 17px;"">{xe_pol_6}</td> </tr> <tr style=""height: 17px;""> <td style=""width: 10%;"">7</td> <td style=""width: 18%; height: 17px;"">{bag_7}</td> <td style=""width: 18%; height: 17px;"">{xe_7}</td> <td style=""width: 18%; height: 17px;"">{vtotal_7}</td> <td style=""width: 18%; height: 17px;"">{vxe_7}</td> <td style=""width: 18%; height: 17px;"">{xe_pol_7}</td> </tr> <tr style=""height: 17px;""> <td style=""width: 10%;"">8</td> <td style=""width: 18%; height: 17px;"">{bag_8}</td> <td style=""width: 18%; height: 17px;"">{xe_8}</td> <td style=""width: 18%; height: 17px;"">{vtotal_8}</td> <td style=""width: 18%; height: 17px;"">{vxe_8}</td> <td style=""width: 18%; height: 17px;"">{xe_pol_8}</td> </tr> <tr style=""height: 17px;""> <td style=""width: 10%;"">9</td> <td style=""width: 18%; height: 17px;"">{bag_9}</td> <td style=""width: 18%; height: 17px;"">{xe_9}</td> <td style=""width: 18%; height: 17px;"">{vtotal_9}</td> <td style=""width: 18%; height: 17px;"">{vxe_9}</td> <td style=""width: 18%; height: 17px;"">{xe_pol_9}</td> </tr> <tr style=""height: 17px;""> <td style=""width: 10%;"">10</td> <td style=""width: 18%; height: 17px;"">{bag_10}</td> <td style=""width: 18%; height: 17px;"">{xe_10}</td> <td style=""width: 18%; height: 17px;"">{vtotal_10}</td> <td style=""width: 18%; height: 17px;"">{vxe_10}</td> <td style=""width: 18%; height: 17px;"">{xe_pol_10}</td> </tr> <tr style=""height: 17px;""> <td style=""width: 10%;"">11</td> <td style=""width: 18%; height: 17px;"">{bag_11}</td> <td style=""width: 18%; height: 17px;"">{xe_11}</td> <td style=""width: 18%; height: 17px;"">{vtotal_11}</td> <td style=""width: 18%; height: 17px;"">{vxe_11}</td> <td style=""width: 18%; height: 17px;"">{xe_pol_11}</td> </tr> <tr style=""height: 17px;""> <td style=""width: 10%;"">12</td> <td style=""width: 18%; height: 17px;"">{bag_12}</td> <td style=""width: 18%; height: 17px;"">{xe_12}</td> <td style=""width: 18%; height: 17px;"">{vtotal_12}</td> <td style=""width: 18%; height: 17px;"">{vxe_12}</td> <td style=""width: 18%; height: 17px;"">{xe_pol_12}</td> </tr> <tr style=""height: 17px;""> <td style=""width: 10%;"">13</td> <td style=""width: 18%; height: 17px;"">{bag_13}</td> <td style=""width: 18%; height: 17px;"">{xe_13}</td> <td style=""width: 18%; height: 17px;"">{vtotal_13}</td> <td style=""width: 18%; height: 17px;"">{vxe_13}</td> <td style=""width: 18%; height: 17px;"">{xe_pol_13}</td> </tr> <tr style=""height: 17px;""> <td style=""width: 10%;"">14</td> <td style=""width: 18%; height: 17px;"">{bag_14}</td> <td style=""width: 18%; height: 17px;"">{xe_14}</td> <td style=""width: 18%; height: 17px;"">{vtotal_14}</td> <td style=""width: 18%; height: 17px;"">{vxe_14}</td> <td style=""width: 18%; height: 17px;"">{xe_pol_14}</td> </tr> <tr style=""height: 17px;""> <td style=""width: 10%;"">15</td> <td style=""width: 18%; height: 17px;"">{bag_15}</td> <td style=""width: 18%; height: 17px;"">{xe_15}</td> <td style=""width: 18%; height: 17px;"">{vtotal_15}</td> <td style=""width: 18%; height: 17px;"">{vxe_15}</td> <td style=""width: 18%; height: 17px;"">{xe_pol_15}</td> </tr> <tr style=""height: 17px;""> <td style=""width: 10%;"">16</td> <td style=""width: 18%; height: 17px;"">{bag_16}</td> <td style=""width: 18%; height: 17px;"">{xe_16}</td> <td style=""width: 18%; height: 17px;"">{vtotal_16}</td> <td style=""width: 18%; height: 17px;"">{vxe_16}</td> <td style=""width: 18%; height: 17px;"">{xe_pol_16}</td> </tr> <tr style=""height: 17px;""> <td style=""width: 10%;"">17</td> <td style=""width: 18%; height: 17px;"">{bag_17}</td> <td style=""width: 18%; height: 17px;"">{xe_17}</td> <td style=""width: 18%; height: 17px;"">{vtotal_17}</td> <td style=""width: 18%; height: 17px;"">{vxe_17}</td> <td style=""width: 18%; height: 17px;"">{xe_pol_17}</td> </tr> <tr style=""height: 17px;""> <td style=""width: 10%;"">18</td> <td style=""width: 18%; height: 17px;"">{bag_18}</td> <td style=""width: 18%; height: 17px;"">{xe_18}</td> <td style=""width: 18%; height: 17px;"">{vtotal_18}</td> <td style=""width: 18%; height: 17px;"">{vxe_18}</td> <td style=""width: 18%; height: 17px;"">{xe_pol_18}</td> </tr> <tr style=""height: 17px;""> <td style=""width: 10%;"">19</td> <td style=""width: 18%; height: 17px;"">{bag_19}</td> <td style=""width: 18%; height: 17px;"">{xe_19}</td> <td style=""width: 18%; height: 17px;"">{vtotal_19}</td> <td style=""width: 18%; height: 17px;"">{vxe_19}</td> <td style=""width: 18%; height: 17px;"">{xe_pol_19}</td> </tr> <tr style=""height: 17px;""> <td style=""width: 10%;"">20</td> <td style=""width: 18%; height: 17px;"">{bag_20}</td> <td style=""width: 18%; height: 17px;"">{xe_20}</td> <td style=""width: 18%; height: 17px;"">{vtotal_20}</td> <td style=""width: 18%; height: 17px;"">{vxe_20}</td> <td style=""width: 18%; height: 17px;"">{xe_pol_20}</td> </tr> </tbody> </table></div>",,,,,,,,,,,,,
scan_notes,scans,Scan notes,descriptive,"<div class=""rich-text-field-label""><table style=""border-collapse: collapse; width: 100%; height: 283px;"" border=""1""> <tbody> <tr style=""height: 17px;""> <td style=""width: 10%;"">Scan #</td> <td style=""height: 34px; width: 15%;"">Acceptable? (if no, specify in notes)</td> <td style=""width: 15%; height: 34px;"">Adverse event? (If yes, specify in notes)?</td> <td style=""width: 60%; height: 34px;"">Notes</td> </tr> <tr style=""height: 17px;""> <td style=""width: 10%;"">1</td> <td style=""width: 15%; height: 11px;"">{acc_1}</td> <td style=""width: 15%; height: 11px;"">{ae_1}</td> <td style=""width: 60%; height: 11px;"">{scan_notes_1}</td> </tr> <tr style=""height: 17px;""> <td style=""width: 10%;"">2</td> <td style=""width: 15%; height: 17px;"">{acc_2}</td> <td style=""width: 15%; height: 17px;"">{ae_2}</td> <td style=""width: 60%; height: 17px;"">{scan_notes_2}</td> </tr> <tr style=""height: 17px;""> <td style=""width: 10%;"">3</td> <td style=""width: 15%; height: 17px;"">{acc_3}</td> <td style=""width: 15%; height: 17px;"">{ae_3}</td> <td style=""width: 60%; height: 17px;"">{scan_notes_3}</td> </tr> <tr style=""height: 17px;""> <td style=""width: 10%;"">4</td> <td style=""width: 15%; height: 17px;"">{acc_4}</td> <td style=""width: 15%; height: 17px;"">{ae_4}</td> <td style=""width: 60%; height: 17px;"">{scan_notes_4}</td> </tr> <tr style=""height: 17px;""> <td style=""width: 10%;"">5</td> <td style=""width: 15%; height: 17px;"">{acc_5}</td> <td style=""width: 15%; height: 17px;"">{ae_5}</td> <td style=""width: 60%; height: 17px;"">{scan_notes_5}</td> </tr> <tr style=""height: 17px;""> <td style=""width: 10%;"">6</td> <td style=""width: 15%; height: 17px;"">{acc_6}</td> <td style=""width: 15%; height: 17px;"">{ae_6}</td> <td style=""width: 60%; height: 17px;"">{scan_notes_6}</td> </tr> <tr style=""height: 17px;""> <td style=""width: 10%;"">7</td> <td style=""width: 15%; height: 17px;"">{acc_7}</td> <td style=""width: 15%; height: 17px;"">{ae_7}</td> <td style=""width: 60%; height: 17px;"">{scan_notes_7}</td> </tr> <tr style=""height: 17px;""> <td style=""width: 10%;"">8</td> <td style=""width: 15%; height: 17px;"">{acc_8}</td> <td style=""width: 15%; height: 17px;"">{ae_8}</td> <td style=""width: 60%; height: 17px;"">{scan_notes_8}</td> </tr> <tr style=""height: 17px;""> <td style=""width: 10%;"">9</td> <td style=""width: 15%; height: 17px;"">{acc_9}</td> <td style=""width: 15%; height: 17px;"">{ae_9}</td> <td style=""width: 60%; height: 17px;"">{scan_notes_9}</td> </tr> <tr style=""height: 17px;""> <td style=""width: 10%;"">10</td> <td style=""width: 15%; height: 17px;"">{acc_10}</td> <td style=""width: 15%; height: 17px;"">{ae_10}</td> <td style=""width: 60%; height: 17px;"">{scan_notes_10}</td> </tr> <tr style=""height: 17px;""> <td style=""width: 10%;"">11</td> <td style=""width: 15%; height: 17px;"">{acc_11}</td> <td style=""width: 15%; height: 17px;"">{ae_11}</td> <td style=""width: 60%; height: 17px;"">{scan_notes_11}</td> </tr> <tr style=""height: 17px;""> <td style=""width: 10%;"">12</td> <td style=""width: 15%; height: 17px;"">{acc_12}</td> <td style=""width: 15%; height: 17px;"">{ae_12}</td> <td style=""width: 60%; height: 17px;"">{scan_notes_12}</td> </tr> <tr style=""height: 17px;""> <td style=""width: 10%;"">13</td> <td style=""width: 15%; height: 17px;"">{acc_13}</td> <td style=""width: 15%; height: 17px;"">{ae_13}</td> <td style=""width: 60%; height: 17px;"">{scan_notes_13}</td> </tr> <tr style=""height: 17px;""> <td style=""width: 10%;"">14</td> <td style=""width: 15%; height: 17px;"">{acc_14}</td> <td style=""width: 15%; height: 17px;"">{ae_14}</td> <td style=""width: 60%; height: 17px;"">{scan_notes_14}</td> </tr> <tr style=""height: 17px;""> <td style=""width: 10%;"">15</td> <td style=""width: 15%; height: 17px;"">{acc_15}</td> <td style=""width: 15%; height: 17px;"">{ae_15}</td> <td style=""width: 60%; height: 17px;"">{scan_notes_15}</td> </tr> <tr style=""height: 17px;""> <td style=""width: 10%;"">16</td> <td style=""width: 15%; height: 17px;"">{acc_16}</td> <td style=""width: 15%; height: 17px;"">{ae_16}</td> <td style=""width: 60%; height: 17px;"">{scan_notes_16}</td> </tr> <tr style=""height: 17px;""> <td style=""width: 10%;"">17</td> <td style=""width: 15%; height: 17px;"">{acc_17}</td> <td style=""width: 15%; height: 17px;"">{ae_17}</td> <td style=""width: 60%; height: 17px;"">{scan_notes_17}</td> </tr> <tr style=""height: 17px;""> <td style=""width: 10%;"">18</td> <td style=""width: 15%; height: 17px;"">{acc_18}</td> <td style=""width: 15%; height: 17px;"">{ae_18}</td> <td style=""width: 60%; height: 17px;"">{scan_notes_18}</td> </tr> <tr style=""height: 17px;""> <td style=""width: 10%;"">19</td> <td style=""width: 15%; height: 17px;"">{acc_19}</td> <td style=""width: 15%; height: 17px;"">{ae_19}</td> <td style=""width: 60%; height: 17px;"">{scan_notes_19}</td> </tr> <tr style=""height: 17px;""> <td style=""width: 10%;"">20</td> <td style=""width: 15%; height: 17px;"">{acc_20}</td> <td style=""width: 15%; height: 17px;"">{ae_20}</td> <td style=""width: 60%; height: 17px;"">{scan_notes_20}</td> </tr> </tbody> </table></div>",,,,,,,,,,,,,
sequence_name_1,scans,,dropdown,,"1, Localizer | 2, Cal - FID CSI (phantom) | 3, Cal - FIDALL (human) | 4, Xe - 2D SPGR (vent; JW) | 5, Xe - 3D SPGR (vent; JW) | 6, Xe - DWCS (diffusion; JW) | 7, Xe - Dissolved Phase (4pt; JW) | 8, Structure - PROTON mask| 10, Structure - GE ZTE | 9, PREFUL - FIESTA | 11, PREFUL - SPGR v1 | 12, PREFUL - SPGR v2 | 13, Xe - 3D SPGR (vent; AO) | 14, 32 Channel Torso Coil Calibration | 15, 3D Ax T1 FSPGR",,,,,,,,,,,,
sequence_name_2,scans,,dropdown,,"1, Localizer | 2, Cal - FID CSI (phantom) | 3, Cal - FIDALL (human) | 4, Xe - 2D SPGR (vent; JW) | 5, Xe - 3D SPGR (vent; JW) | 6, Xe - DWCS (diffusion; JW) | 7, Xe - Dissolved Phase (4pt; JW) | 8, Structure - PROTON mask| 10, Structure - GE ZTE | 9, PREFUL - FIESTA | 11, PREFUL - SPGR v1 | 12, PREFUL - SPGR v2 | 13, Xe - 3D SPGR (vent; AO) | 14, 32 Channel Torso Coil Calibration | 15, 3D Ax T1 FSPGR",,,,,,,,,,,,
sequence_name_3,scans,,dropdown,,"1, Localizer | 2, Cal - FID CSI (phantom) | 3, Cal - FIDALL (human) | 4, Xe - 2D SPGR (vent; JW) | 5, Xe - 3D SPGR (vent; JW) | 6, Xe - DWCS (diffusion; JW) | 7, Xe - Dissolved Phase (4pt; JW) | 8, Structure - PROTON mask| 10, Structure - GE ZTE | 9, PREFUL - FIESTA | 11, PREFUL - SPGR v1 | 12, PREFUL - SPGR v2 | 13, Xe - 3D SPGR (vent; AO) | 14, 32 Channel Torso Coil Calibration | 15, 3D Ax T1 FSPGR",,,,,,,,,,,,
sequence_name_4,scans,,dropdown,,"1, Localizer | 2, Cal - FID CSI (phantom) | 3, Cal - FIDALL (human) | 4, Xe - 2D SPGR (vent; JW) | 5, Xe - 3D SPGR (vent; JW) | 6, Xe - DWCS (diffusion; JW) | 7, Xe - Dissolved Phase (4pt; JW) | 8, Structure - PROTON mask| 10, Structure - GE ZTE | 9, PREFUL - FIESTA | 11, PREFUL - SPGR v1 | 12, PREFUL - SPGR v2 | 13, Xe - 3D SPGR (vent; AO) | 14, 32 Channel Torso Coil Calibration | 15, 3D Ax T1 FSPGR",,,,,,,,,,,,
sequence_name_5,scans,,dropdown,,"1, Localizer | 2, Cal - FID CSI (phantom) | 3, Cal - FIDALL (human) | 4, Xe - 2D SPGR (vent; JW) | 5, Xe - 3D SPGR (vent; JW) | 6, Xe - DWCS (diffusion; JW) | 7, Xe - Dissolved Phase (4pt; JW) | 8, Structure - PROTON mask| 10, Structure - GE ZTE | 9, PREFUL - FIESTA | 11, PREFUL - SPGR v1 | 12, PREFUL - SPGR v2 | 13, Xe - 3D SPGR (vent; AO) | 14, 32 Channel Torso Coil Calibration | 15, 3D Ax T1 FSPGR",,,,,,,,,,,,
sequence_name_6,scans,,dropdown,,"1, Localizer | 2, Cal - FID CSI (phantom) | 3, Cal - FIDALL (human) | 4, Xe - 2D SPGR (vent; JW) | 5, Xe - 3D SPGR (vent; JW) | 6, Xe - DWCS (diffusion; JW) | 7, Xe - Dissolved Phase (4pt; JW) | 8, Structure - PROTON mask| 10, Structure - GE ZTE | 9, PREFUL - FIESTA | 11, PREFUL - SPGR v1 | 12, PREFUL - SPGR v2 | 13, Xe - 3D SPGR (vent; AO) | 14, 32 Channel Torso Coil Calibration | 15, 3D Ax T1 FSPGR",,,,,,,,,,,,
sequence_name_7,scans,,dropdown,,"1, Localizer | 2, Cal - FID CSI (phantom) | 3, Cal - FIDALL (human) | 4, Xe - 2D SPGR (vent; JW) | 5, Xe - 3D SPGR (vent; JW) | 6, Xe - DWCS (diffusion; JW) | 7, Xe - Dissolved Phase (4pt; JW) | 8, Structure - PROTON mask| 10, Structure - GE ZTE | 9, PREFUL - FIESTA | 11, PREFUL - SPGR v1 | 12, PREFUL - SPGR v2 | 13, Xe - 3D SPGR (vent; AO) | 14, 32 Channel Torso Coil Calibration | 15, 3D Ax T1 FSPGR",,,,,,,,,,,,
sequence_name_8,scans,,dropdown,,"1, Localizer | 2, Cal - FID CSI (phantom) | 3, Cal - FIDALL (human) | 4, Xe - 2D SPGR (vent; JW) | 5, Xe - 3D SPGR (vent; JW) | 6, Xe - DWCS (diffusion; JW) | 7, Xe - Dissolved Phase (4pt; JW) | 8, Structure - PROTON mask| 10, Structure - GE ZTE | 9, PREFUL - FIESTA | 11, PREFUL - SPGR v1 | 12, PREFUL - SPGR v2 | 13, Xe - 3D SPGR (vent; AO) | 14, 32 Channel Torso Coil Calibration | 15, 3D Ax T1 FSPGR",,,,,,,,,,,,
sequence_name_9,scans,,dropdown,,"1, Localizer | 2, Cal - FID CSI (phantom) | 3, Cal - FIDALL (human) | 4, Xe - 2D SPGR (vent; JW) | 5, Xe - 3D SPGR (vent; JW) | 6, Xe - DWCS (diffusion; JW) | 7, Xe - Dissolved Phase (4pt; JW) | 8, Structure - PROTON mask| 10, Structure - GE ZTE | 9, PREFUL - FIESTA | 11, PREFUL - SPGR v1 | 12, PREFUL - SPGR v2 | 13, Xe - 3D SPGR (vent; AO) | 14, 32 Channel Torso Coil Calibration | 15, 3D Ax T1 FSPGR",,,,,,,,,,,,
sequence_name_10,scans,,dropdown,,"1, Localizer | 2, Cal - FID CSI (phantom) | 3, Cal - FIDALL (human) | 4, Xe - 2D SPGR (vent; JW) | 5, Xe - 3D SPGR (vent; JW) | 6, Xe - DWCS (diffusion; JW) | 7, Xe - Dissolved Phase (4pt; JW) | 8, Structure - PROTON mask| 10, Structure - GE ZTE | 9, PREFUL - FIESTA | 11, PREFUL - SPGR v1 | 12, PREFUL - SPGR v2 | 13, Xe - 3D SPGR (vent; AO) | 14, 32 Channel Torso Coil Calibration | 15, 3D Ax T1 FSPGR",,,,,,,,,,,,
sequence_name_11,scans,,dropdown,,"1, Localizer | 2, Cal - FID CSI (phantom) | 3, Cal - FIDALL (human) | 4, Xe - 2D SPGR (vent; JW) | 5, Xe - 3D SPGR (vent; JW) | 6, Xe - DWCS (diffusion; JW) | 7, Xe - Dissolved Phase (4pt; JW) | 8, Structure - PROTON mask| 10, Structure - GE ZTE | 9, PREFUL - FIESTA | 11, PREFUL - SPGR v1 | 12, PREFUL - SPGR v2 | 13, Xe - 3D SPGR (vent; AO) | 14, 32 Channel Torso Coil Calibration | 15, 3D Ax T1 FSPGR",,,,,,,,,,,,
sequence_name_12,scans,,dropdown,,"1, Localizer | 2, Cal - FID CSI (phantom) | 3, Cal - FIDALL (human) | 4, Xe - 2D SPGR (vent; JW) | 5, Xe - 3D SPGR (vent; JW) | 6, Xe - DWCS (diffusion; JW) | 7, Xe - Dissolved Phase (4pt; JW) | 8, Structure - PROTON mask| 10, Structure - GE ZTE | 9, PREFUL - FIESTA | 11, PREFUL - SPGR v1 | 12, PREFUL - SPGR v2 | 13, Xe - 3D SPGR (vent; AO) | 14, 32 Channel Torso Coil Calibration | 15, 3D Ax T1 FSPGR",,,,,,,,,,,,
sequence_name_13,scans,,dropdown,,"1, Localizer | 2, Cal - FID CSI (phantom) | 3, Cal - FIDALL (human) | 4, Xe - 2D SPGR (vent; JW) | 5, Xe - 3D SPGR (vent; JW) | 6, Xe - DWCS (diffusion; JW) | 7, Xe - Dissolved Phase (4pt; JW) | 8, Structure - PROTON mask| 10, Structure - GE ZTE | 9, PREFUL - FIESTA | 11, PREFUL - SPGR v1 | 12, PREFUL - SPGR v2 | 13, Xe - 3D SPGR (vent; AO) | 14, 32 Channel Torso Coil Calibration | 15, 3D Ax T1 FSPGR",,,,,,,,,,,,
sequence_name_14,scans,,dropdown,,"1, Localizer | 2, Cal - FID CSI (phantom) | 3, Cal - FIDALL (human) | 4, Xe - 2D SPGR (vent; JW) | 5, Xe - 3D SPGR (vent; JW) | 6, Xe - DWCS (diffusion; JW) | 7, Xe - Dissolved Phase (4pt; JW) | 8, Structure - PROTON mask| 10, Structure - GE ZTE | 9, PREFUL - FIESTA | 11, PREFUL - SPGR v1 | 12, PREFUL - SPGR v2 | 13, Xe - 3D SPGR (vent; AO) | 14, 32 Channel Torso Coil Calibration | 15, 3D Ax T1 FSPGR",,,,,,,,,,,,
sequence_name_15,scans,,dropdown,,"1, Localizer | 2, Cal - FID CSI (phantom) | 3, Cal - FIDALL (human) | 4, Xe - 2D SPGR (vent; JW) | 5, Xe - 3D SPGR (vent; JW) | 6, Xe - DWCS (diffusion; JW) | 7, Xe - Dissolved Phase (4pt; JW) | 8, Structure - PROTON mask| 10, Structure - GE ZTE | 9, PREFUL - FIESTA | 11, PREFUL - SPGR v1 | 12, PREFUL - SPGR v2 | 13, Xe - 3D SPGR (vent; AO) | 14, 32 Channel Torso Coil Calibration | 15, 3D Ax T1 FSPGR",,,,,,,,,,,,
sequence_name_16,scans,,dropdown,,"1, Localizer | 2, Cal - FID CSI (phantom) | 3, Cal - FIDALL (human) | 4, Xe - 2D SPGR (vent; JW) | 5, Xe - 3D SPGR (vent; JW) | 6, Xe - DWCS (diffusion; JW) | 7, Xe - Dissolved Phase (4pt; JW) | 8, Structure - PROTON mask| 10, Structure - GE ZTE | 9, PREFUL - FIESTA | 11, PREFUL - SPGR v1 | 12, PREFUL - SPGR v2 | 13, Xe - 3D SPGR (vent; AO) | 14, 32 Channel Torso Coil Calibration | 15, 3D Ax T1 FSPGR",,,,,,,,,,,,
sequence_name_17,scans,,dropdown,,"1, Localizer | 2, Cal - FID CSI (phantom) | 3, Cal - FIDALL (human) | 4, Xe - 2D SPGR (vent; JW) | 5, Xe - 3D SPGR (vent; JW) | 6, Xe - DWCS (diffusion; JW) | 7, Xe - Dissolved Phase (4pt; JW) | 8, Structure - PROTON mask| 10, Structure - GE ZTE | 9, PREFUL - FIESTA | 11, PREFUL - SPGR v1 | 12, PREFUL - SPGR v2 | 13, Xe - 3D SPGR (vent; AO) | 14, 32 Channel Torso Coil Calibration | 15, 3D Ax T1 FSPGR",,,,,,,,,,,,
sequence_name_18,scans,,dropdown,,"1, Localizer | 2, Cal - FID CSI (phantom) | 3, Cal - FIDALL (human) | 4, Xe - 2D SPGR (vent; JW) | 5, Xe - 3D SPGR (vent; JW) | 6, Xe - DWCS (diffusion; JW) | 7, Xe - Dissolved Phase (4pt; JW) | 8, Structure - PROTON mask| 10, Structure - GE ZTE | 9, PREFUL - FIESTA | 11, PREFUL - SPGR v1 | 12, PREFUL - SPGR v2 | 13, Xe - 3D SPGR (vent; AO) | 14, 32 Channel Torso Coil Calibration | 15, 3D Ax T1 FSPGR",,,,,,,,,,,,
sequence_name_19,scans,,dropdown,,"1, Localizer | 2, Cal - FID CSI (phantom) | 3, Cal - FIDALL (human) | 4, Xe - 2D SPGR (vent; JW) | 5, Xe - 3D SPGR (vent; JW) | 6, Xe - DWCS (diffusion; JW) | 7, Xe - Dissolved Phase (4pt; JW) | 8, Structure - PROTON mask| 10, Structure - GE ZTE | 9, PREFUL - FIESTA | 11, PREFUL - SPGR v1 | 12, PREFUL - SPGR v2 | 13, Xe - 3D SPGR (vent; AO) | 14, 32 Channel Torso Coil Calibration | 15, 3D Ax T1 FSPGR",,,,,,,,,,,,
sequence_name_20,scans,,dropdown,,"1, Localizer | 2, Cal - FID CSI (phantom) | 3, Cal - FIDALL (human) | 4, Xe - 2D SPGR (vent; JW) | 5, Xe - 3D SPGR (vent; JW) | 6, Xe - DWCS (diffusion; JW) | 7, Xe - Dissolved Phase (4pt; JW) | 8, Structure - PROTON mask| 10, Structure - GE ZTE | 9, PREFUL - FIESTA | 11, PREFUL - SPGR v1 | 12, PREFUL - SPGR v2 | 13, Xe - 3D SPGR (vent; AO) | 14, 32 Channel Torso Coil Calibration | 15, 3D Ax T1 FSPGR",,,,,,,,,,,,
tg_1,scans,,text,,,,,,,,[sequence_name_1] != '',,,,,,
tg_2,scans,,text,,,,,,,,[sequence_name_2] != '',,,,,,
tg_3,scans,,text,,,,,,,,[sequence_name_3] != '',,,,,,
tg_4,scans,,text,,,,,,,,[sequence_name_4] != '',,,,,,
tg_5,scans,,text,,,,,,,,[sequence_name_5] != '',,,,,,
tg_6,scans,,text,,,,,,,,[sequence_name_6] != '',,,,,,
tg_7,scans,,text,,,,,,,,[sequence_name_7] != '',,,,,,
tg_8,scans,,text,,,,,,,,[sequence_name_8] != '',,,,,,
tg_9,scans,,text,,,,,,,,[sequence_name_9] != '',,,,,,
tg_10,scans,,text,,,,,,,,[sequence_name_10] != '',,,,,,
tg_11,scans,,text,,,,,,,,[sequence_name_11] != '',,,,,,
tg_12,scans,,text,,,,,,,,[sequence_name_12] != '',,,,,,
tg_13,scans,,text,,,,,,,,[sequence_name_13] != '',,,,,,
tg_14,scans,,text,,,,,,,,[sequence_name_14] != '',,,,,,
tg_15,scans,,text,,,,,,,,[sequence_name_15] != '',,,,,,
tg_16,scans,,text,,,,,,,,[sequence_name_16] != '',,,,,,
tg_17,scans,,text,,,,,,,,[sequence_name_17] != '',,,,,,
tg_18,scans,,text,,,,,,,,[sequence_name_18] != '',,,,,,
tg_19,scans,,text,,,,,,,,[sequence_name_19] != '',,,,,,
tg_20,scans,,text,,,,,,,,[sequence_name_20] != '',,,,,,
slices_1,scans,,text,,,,integer,4,20,,[sequence_name_1] != '',,,,,,
slices_2,scans,,text,,,,integer,4,20,,[sequence_name_2] != '',,,,,,
slices_3,scans,,text,,,,integer,4,20,,[sequence_name_3] != '',,,,,,
slices_4,scans,,text,,,,integer,4,20,,[sequence_name_4] != '',,,,,,
slices_5,scans,,text,,,,integer,4,20,,[sequence_name_5] != '',,,,,,
slices_6,scans,,text,,,,integer,4,20,,[sequence_name_6] != '',,,,,,
slices_7,scans,,text,,,,integer,4,20,,[sequence_name_7] != '',,,,,,
slices_8,scans,,text,,,,integer,4,20,,[sequence_name_8] != '',,,,,,
slices_9,scans,,text,,,,integer,4,20,,[sequence_name_9] != '',,,,,,
slices_10,scans,,text,,,,integer,4,20,,[sequence_name_10] != '',,,,,,
slices_11,scans,,text,,,,integer,4,20,,[sequence_name_11] != '',,,,,,
slices_12,scans,,text,,,,integer,4,20,,[sequence_name_12] != '',,,,,,
slices_13,scans,,text,,,,integer,4,20,,[sequence_name_13] != '',,,,,,
slices_14,scans,,text,,,,integer,4,20,,[sequence_name_14] != '',,,,,,
slices_15,scans,,text,,,,integer,4,20,,[sequence_name_15] != '',,,,,,
slices_16,scans,,text,,,,integer,4,20,,[sequence_name_16] != '',,,,,,
slices_17,scans,,text,,,,integer,4,20,,[sequence_name_17] != '',,,,,,
slices_18,scans,,text,,,,integer,4,20,,[sequence_name_18] != '',,,,,,
slices_19,scans,,text,,,,integer,4,20,,[sequence_name_19] != '',,,,,,
slices_20,scans,,text,,,,integer,4,20,,[sequence_name_20] != '',,,,,,
phase_fov_1,scans,,text,,,,number_2dp,0.5,1.5,,[sequence_name_1] != '',,,,,,
phase_fov_2,scans,,text,,,,number_2dp,0.5,1.5,,[sequence_name_2] != '',,,,,,
phase_fov_3,scans,,text,,,,number_2dp,0.5,1.5,,[sequence_name_3] != '',,,,,,
phase_fov_4,scans,,text,,,,number_2dp,0.5,1.5,,[sequence_name_4] != '',,,,,,
phase_fov_5,scans,,text,,,,number_2dp,0.5,1.5,,[sequence_name_5] != '',,,,,,
phase_fov_6,scans,,text,,,,number_2dp,0.5,1.5,,[sequence_name_6] != '',,,,,,
phase_fov_7,scans,,text,,,,number_2dp,0.5,1.5,,[sequence_name_7] != '',,,,,,
phase_fov_8,scans,,text,,,,number_2dp,0.5,1.5,,[sequence_name_8] != '',,,,,,
phase_fov_9,scans,,text,,,,number_2dp,0.5,1.5,,[sequence_name_9] != '',,,,,,
phase_fov_10,scans,,text,,,,number_2dp,0.5,1.5,,[sequence_name_10] != '',,,,,,
phase_fov_11,scans,,text,,,,number_2dp,0.5,1.5,,[sequence_name_11] != '',,,,,,
phase_fov_12,scans,,text,,,,number_2dp,0.5,1.5,,[sequence_name_12] != '',,,,,,
phase_fov_13,scans,,text,,,,number_2dp,0.5,1.5,,[sequence_name_13] != '',,,,,,
phase_fov_14,scans,,text,,,,number_2dp,0.5,1.5,,[sequence_name_14] != '',,,,,,
phase_fov_15,scans,,text,,,,number_2dp,0.5,1.5,,[sequence_name_15] != '',,,,,,
phase_fov_16,scans,,text,,,,number_2dp,0.5,1.5,,[sequence_name_16] != '',,,,,,
phase_fov_17,scans,,text,,,,number_2dp,0.5,1.5,,[sequence_name_17] != '',,,,,,
phase_fov_18,scans,,text,,,,number_2dp,0.5,1.5,,[sequence_name_18] != '',,,,,,
phase_fov_19,scans,,text,,,,number_2dp,0.5,1.5,,[sequence_name_19] != '',,,,,,
phase_fov_20,scans,,text,,,,number_2dp,0.5,1.5,,[sequence_name_20] != '',,,,,,
mri_vol_1,scans,,dropdown,,"1, FB | 2, Full inhalation | 3, Full exhalation | 4, FRC + bag | 5, RV + bag",,,,,,[sequence_name_1] != '',,,,,,
mri_vol_2,scans,,dropdown,,"1, FB | 2, Full inhalation | 3, Full exhalation | 4, FRC + bag | 5, RV + bag",,,,,,[sequence_name_2] != '',,,,,,
mri_vol_3,scans,,dropdown,,"1, FB | 2, Full inhalation | 3, Full exhalation | 4, FRC + bag | 5, RV + bag",,,,,,[sequence_name_3] != '',,,,,,
mri_vol_4,scans,,dropdown,,"1, FB | 2, Full inhalation | 3, Full exhalation | 4, FRC + bag | 5, RV + bag",,,,,,[sequence_name_4] != '',,,,,,
mri_vol_5,scans,,dropdown,,"1, FB | 2, Full inhalation | 3, Full exhalation | 4, FRC + bag | 5, RV + bag",,,,,,[sequence_name_5] != '',,,,,,
mri_vol_6,scans,,dropdown,,"1, FB | 2, Full inhalation | 3, Full exhalation | 4, FRC + bag | 5, RV + bag",,,,,,[sequence_name_6] != '',,,,,,
mri_vol_7,scans,,dropdown,,"1, FB | 2, Full inhalation | 3, Full exhalation | 4, FRC + bag | 5, RV + bag",,,,,,[sequence_name_7] != '',,,,,,
mri_vol_8,scans,,dropdown,,"1, FB | 2, Full inhalation | 3, Full exhalation | 4, FRC + bag | 5, RV + bag",,,,,,[sequence_name_8] != '',,,,,,
mri_vol_9,scans,,dropdown,,"1, FB | 2, Full inhalation | 3, Full exhalation | 4, FRC + bag | 5, RV + bag",,,,,,[sequence_name_9] != '',,,,,,
mri_vol_10,scans,,dropdown,,"1, FB | 2, Full inhalation | 3, Full exhalation | 4, FRC + bag | 5, RV + bag",,,,,,[sequence_name_10] != '',,,,,,
mri_vol_11,scans,,dropdown,,"1, FB | 2, Full inhalation | 3, Full exhalation | 4, FRC + bag | 5, RV + bag",,,,,,[sequence_name_11] != '',,,,,,
mri_vol_12,scans,,dropdown,,"1, FB | 2, Full inhalation | 3, Full exhalation | 4, FRC + bag | 5, RV + bag",,,,,,[sequence_name_12] != '',,,,,,
mri_vol_13,scans,,dropdown,,"1, FB | 2, Full inhalation | 3, Full exhalation | 4, FRC + bag | 5, RV + bag",,,,,,[sequence_name_13] != '',,,,,,
mri_vol_14,scans,,dropdown,,"1, FB | 2, Full inhalation | 3, Full exhalation | 4, FRC + bag | 5, RV + bag",,,,,,[sequence_name_14] != '',,,,,,
mri_vol_15,scans,,dropdown,,"1, FB | 2, Full inhalation | 3, Full exhalation | 4, FRC + bag | 5, RV + bag",,,,,,[sequence_name_15] != '',,,,,,
mri_vol_16,scans,,dropdown,,"1, FB | 2, Full inhalation | 3, Full exhalation | 4, FRC + bag | 5, RV + bag",,,,,,[sequence_name_16] != '',,,,,,
mri_vol_17,scans,,dropdown,,"1, FB | 2, Full inhalation | 3, Full exhalation | 4, FRC + bag | 5, RV + bag",,,,,,[sequence_name_17] != '',,,,,,
mri_vol_18,scans,,dropdown,,"1, FB | 2, Full inhalation | 3, Full exhalation | 4, FRC + bag | 5, RV + bag",,,,,,[sequence_name_18] != '',,,,,,
mri_vol_19,scans,,dropdown,,"1, FB | 2, Full inhalation | 3, Full exhalation | 4, FRC + bag | 5, RV + bag",,,,,,[sequence_name_19] != '',,,,,,
mri_vol_20,scans,,dropdown,,"1, FB | 2, Full inhalation | 3, Full exhalation | 4, FRC + bag | 5, RV + bag",,,,,,[sequence_name_20] != '',,,,,,
bag_1,scans,,yesno,,,,,,,,[sequence_name_1] != '',,,,,,
bag_2,scans,,yesno,,,,,,,,[sequence_name_2] != '',,,,,,
bag_3,scans,,yesno,,,,,,,,[sequence_name_3] != '',,,,,,
bag_4,scans,,yesno,,,,,,,,[sequence_name_4] != '',,,,,,
bag_5,scans,,yesno,,,,,,,,[sequence_name_5] != '',,,,,,
bag_6,scans,,yesno,,,,,,,,[sequence_name_6] != '',,,,,,
bag_7,scans,,yesno,,,,,,,,[sequence_name_7] != '',,,,,,
bag_8,scans,,yesno,,,,,,,,[sequence_name_8] != '',,,,,,
bag_9,scans,,yesno,,,,,,,,[sequence_name_9] != '',,,,,,
bag_10,scans,,yesno,,,,,,,,[sequence_name_10] != '',,,,,,
bag_11,scans,,yesno,,,,,,,,[sequence_name_11] != '',,,,,,
bag_12,scans,,yesno,,,,,,,,[sequence_name_12] != '',,,,,,
bag_13,scans,,yesno,,,,,,,,[sequence_name_13] != '',,,,,,
bag_14,scans,,yesno,,,,,,,,[sequence_name_14] != '',,,,,,
bag_15,scans,,yesno,,,,,,,,[sequence_name_15] != '',,,,,,
bag_16,scans,,yesno,,,,,,,,[sequence_name_16] != '',,,,,,
bag_17,scans,,yesno,,,,,,,,[sequence_name_17] != '',,,,,,
bag_18,scans,,yesno,,,,,,,,[sequence_name_18] != '',,,,,,
bag_19,scans,,yesno,,,,,,,,[sequence_name_19] != '',,,,,,
bag_20,scans,,yesno,,,,,,,,[sequence_name_20] != '',,,,,,
xe_1,scans,,yesno,,,,,,,,[sequence_name_1] != '' and [bag_1] = '1',,,,,,
xe_2,scans,,yesno,,,,,,,,[sequence_name_2] != ''  and [bag_2] = '1',,,,,,
xe_3,scans,,yesno,,,,,,,,[sequence_name_3] != ''  and [bag_3] = '1',,,,,,
xe_4,scans,,yesno,,,,,,,,[sequence_name_4] != ''  and [bag_4] = '1',,,,,,
xe_5,scans,,yesno,,,,,,,,[sequence_name_5] != ''  and [bag_5] = '1',,,,,,
xe_6,scans,,yesno,,,,,,,,[sequence_name_6] != ''  and [bag_6] = '1',,,,,,
xe_7,scans,,yesno,,,,,,,,[sequence_name_7] != ''  and [bag_7] = '1',,,,,,
xe_8,scans,,yesno,,,,,,,,[sequence_name_8] != ''  and [bag_8] = '1',,,,,,
xe_9,scans,,yesno,,,,,,,,[sequence_name_9] != ''  and [bag_9] = '1',,,,,,
xe_10,scans,,yesno,,,,,,,,[sequence_name_10] != ''  and [bag_10] = '1',,,,,,
xe_11,scans,,yesno,,,,,,,,[sequence_name_11] != ''  and [bag_11] = '1',,,,,,
xe_12,scans,,yesno,,,,,,,,[sequence_name_12] != ''  and [bag_12] = '1',,,,,,
xe_13,scans,,yesno,,,,,,,,[sequence_name_13] != ''  and [bag_13] = '1',,,,,,
xe_14,scans,,yesno,,,,,,,,[sequence_name_14] != ''  and [bag_14] = '1',,,,,,
xe_15,scans,,yesno,,,,,,,,[sequence_name_15] != ''  and [bag_15] = '1',,,,,,
xe_16,scans,,yesno,,,,,,,,[sequence_name_16] != ''  and [bag_16] = '1',,,,,,
xe_17,scans,,yesno,,,,,,,,[sequence_name_17] != ''  and [bag_17] = '1',,,,,,
xe_18,scans,,yesno,,,,,,,,[sequence_name_18] != ''  and [bag_18] = '1',,,,,,
xe_19,scans,,yesno,,,,,,,,[sequence_name_19] != ''  and [bag_19] = '1',,,,,,
xe_20,scans,,yesno,,,,,,,,[sequence_name_20] != ''  and [bag_20] = '1',,,,,,
vtotal_1,scans,,text,,,,integer,100,1000,,[sequence_name_1] != '' and [bag_1] = '1',,,,,,
vtotal_2,scans,,text,,,,integer,100,1000,,[sequence_name_2] != ''  and [bag_2] = '1',,,,,,
vtotal_3,scans,,text,,,,integer,100,1000,,[sequence_name_3] != ''  and [bag_3] = '1',,,,,,
vtotal_4,scans,,text,,,,integer,100,1000,,[sequence_name_4] != ''  and [bag_4] = '1',,,,,,
vtotal_5,scans,,text,,,,integer,100,1000,,[sequence_name_5] != ''  and [bag_5] = '1',,,,,,
vtotal_6,scans,,text,,,,integer,100,1000,,[sequence_name_6] != ''  and [bag_6] = '1',,,,,,
vtotal_7,scans,,text,,,,integer,100,1000,,[sequence_name_7] != ''  and [bag_7] = '1',,,,,,
vtotal_8,scans,,text,,,,integer,100,1000,,[sequence_name_8] != ''  and [bag_8] = '1',,,,,,
vtotal_9,scans,,text,,,,integer,100,1000,,[sequence_name_9] != ''  and [bag_9] = '1',,,,,,
vtotal_10,scans,,text,,,,integer,100,1000,,[sequence_name_10] != ''  and [bag_10] = '1',,,,,,
vtotal_11,scans,,text,,,,integer,100,1000,,[sequence_name_11] != ''  and [bag_11] = '1',,,,,,
vtotal_12,scans,,text,,,,integer,100,1000,,[sequence_name_12] != ''  and [bag_12] = '1',,,,,,
vtotal_13,scans,,text,,,,integer,100,1000,,[sequence_name_13] != ''  and [bag_13] = '1',,,,,,
vtotal_14,scans,,text,,,,integer,100,1000,,[sequence_name_14] != ''  and [bag_14] = '1',,,,,,
vtotal_15,scans,,text,,,,integer,100,1000,,[sequence_name_15] != ''  and [bag_15] = '1',,,,,,
vtotal_16,scans,,text,,,,integer,100,1000,,[sequence_name_16] != ''  and [bag_16] = '1',,,,,,
vtotal_17,scans,,text,,,,integer,100,1000,,[sequence_name_17] != ''  and [bag_17] = '1',,,,,,
vtotal_18,scans,,text,,,,integer,100,1000,,[sequence_name_18] != ''  and [bag_18] = '1',,,,,,
vtotal_19,scans,,text,,,,integer,100,1000,,[sequence_name_19] != ''  and [bag_19] = '1',,,,,,
vtotal_20,scans,,text,,,,integer,100,1000,,[sequence_name_20] != ''  and [bag_20] = '1',,,,,,
vxe_1,scans,,text,,,,integer,50,1000,,[sequence_name_1] != '' and [bag_1] = '1' and [xe_1] ='1',,,,,,
vxe_2,scans,,text,,,,integer,50,1000,,[sequence_name_2] != ''  and [bag_2] = '1'  and [xe_2] ='1',,,,,,
vxe_3,scans,,text,,,,integer,50,1000,,[sequence_name_3] != ''  and [bag_3] = '1'  and [xe_3] ='1',,,,,,
vxe_4,scans,,text,,,,integer,50,1000,,[sequence_name_4] != ''  and [bag_4] = '1'  and [xe_4] ='1',,,,,,
vxe_5,scans,,text,,,,integer,50,1000,,[sequence_name_5] != ''  and [bag_5] = '1'  and [xe_5] ='1',,,,,,
vxe_6,scans,,text,,,,integer,50,1000,,[sequence_name_6] != ''  and [bag_6] = '1'  and [xe_6] ='1',,,,,,
vxe_7,scans,,text,,,,integer,50,1000,,[sequence_name_7] != ''  and [bag_7] = '1'  and [xe_7] ='1',,,,,,
vxe_8,scans,,text,,,,integer,50,1000,,[sequence_name_8] != ''  and [bag_8] = '1'  and [xe_8] ='1',,,,,,
vxe_9,scans,,text,,,,integer,50,1000,,[sequence_name_9] != ''  and [bag_9] = '1'  and [xe_9] ='1',,,,,,
vxe_10,scans,,text,,,,integer,50,1000,,[sequence_name_10] != ''  and [bag_10] = '1'  and [xe_10] ='1',,,,,,
vxe_11,scans,,text,,,,integer,50,1000,,[sequence_name_11] != ''  and [bag_11] = '1'  and [xe_11] ='1',,,,,,
vxe_12,scans,,text,,,,integer,50,1000,,[sequence_name_12] != ''  and [bag_12] = '1'  and [xe_12] ='1',,,,,,
vxe_13,scans,,text,,,,integer,50,1000,,[sequence_name_13] != ''  and [bag_13] = '1'  and [xe_13] ='1',,,,,,
vxe_14,scans,,text,,,,integer,50,1000,,[sequence_name_14] != ''  and [bag_14] = '1'  and [xe_14] ='1',,,,,,
vxe_15,scans,,text,,,,integer,50,1000,,[sequence_name_15] != ''  and [bag_15] = '1'  and [xe_15] ='1',,,,,,
vxe_16,scans,,text,,,,integer,50,1000,,[sequence_name_16] != ''  and [bag_16] = '1'  and [xe_16] ='1',,,,,,
vxe_17,scans,,text,,,,integer,50,1000,,[sequence_name_17] != ''  and [bag_17] = '1'  and [xe_17] ='1',,,,,,
vxe_18,scans,,text,,,,integer,50,1000,,[sequence_name_18] != ''  and [bag_18] = '1'  and [xe_18] ='1',,,,,,
vxe_19,scans,,text,,,,integer,50,1000,,[sequence_name_19] != ''  and [bag_19] = '1'  and [xe_19] ='1',,,,,,
vxe_20,scans,,text,,,,integer,50,1000,,[sequence_name_20] != ''  and [bag_20] = '1'  and [xe_20] ='1',,,,,,
xe_pol_1,scans,,text,,,,number_1dp,0,100,,[sequence_name_1] != '' and [bag_1] = '1' and [xe_1] ='1',,,,,,
xe_pol_2,scans,,text,,,,number_1dp,0,100,,[sequence_name_2] != ''  and [bag_2] = '1'  and [xe_2] ='1',,,,,,
xe_pol_3,scans,,text,,,,number_1dp,0,100,,[sequence_name_3] != ''  and [bag_3] = '1'  and [xe_3] ='1',,,,,,
xe_pol_4,scans,,text,,,,number_1dp,0,100,,[sequence_name_4] != ''  and [bag_4] = '1'  and [xe_4] ='1',,,,,,
xe_pol_5,scans,,text,,,,number_1dp,0,100,,[sequence_name_5] != ''  and [bag_5] = '1'  and [xe_5] ='1',,,,,,
xe_pol_6,scans,,text,,,,number_1dp,0,100,,[sequence_name_6] != ''  and [bag_6] = '1'  and [xe_6] ='1',,,,,,
xe_pol_7,scans,,text,,,,number_1dp,0,100,,[sequence_name_7] != ''  and [bag_7] = '1'  and [xe_7] ='1',,,,,,
xe_pol_8,scans,,text,,,,number_1dp,0,100,,[sequence_name_8] != ''  and [bag_8] = '1'  and [xe_8] ='1',,,,,,
xe_pol_9,scans,,text,,,,number_1dp,0,100,,[sequence_name_9] != ''  and [bag_9] = '1'  and [xe_9] ='1',,,,,,
xe_pol_10,scans,,text,,,,number_1dp,0,100,,[sequence_name_10] != ''  and [bag_10] = '1'  and [xe_10] ='1',,,,,,
xe_pol_11,scans,,text,,,,number_1dp,0,100,,[sequence_name_11] != ''  and [bag_11] = '1'  and [xe_11] ='1',,,,,,
xe_pol_12,scans,,text,,,,number_1dp,0,100,,[sequence_name_12] != ''  and [bag_12] = '1'  and [xe_12] ='1',,,,,,
xe_pol_13,scans,,text,,,,number_1dp,0,100,,[sequence_name_13] != ''  and [bag_13] = '1'  and [xe_13] ='1',,,,,,
xe_pol_14,scans,,text,,,,number_1dp,0,100,,[sequence_name_14] != ''  and [bag_14] = '1'  and [xe_14] ='1',,,,,,
xe_pol_15,scans,,text,,,,number_1dp,0,100,,[sequence_name_15] != ''  and [bag_15] = '1'  and [xe_15] ='1',,,,,,
xe_pol_16,scans,,text,,,,number_1dp,0,100,,[sequence_name_16] != ''  and [bag_16] = '1'  and [xe_16] ='1',,,,,,
xe_pol_17,scans,,text,,,,number_1dp,0,100,,[sequence_name_17] != ''  and [bag_17] = '1'  and [xe_17] ='1',,,,,,
xe_pol_18,scans,,text,,,,number_1dp,0,100,,[sequence_name_18] != ''  and [bag_18] = '1'  and [xe_18] ='1',,,,,,
xe_pol_19,scans,,text,,,,number_1dp,0,100,,[sequence_name_19] != ''  and [bag_19] = '1'  and [xe_19] ='1',,,,,,
xe_pol_20,scans,,text,,,,number_1dp,0,100,,[sequence_name_20] != ''  and [bag_20] = '1'  and [xe_20] ='1',,,,,,
acc_1,scans,,yesno,,,,,,,,[sequence_name_1] != '',,,,,,
acc_2,scans,,yesno,,,,,,,,[sequence_name_2] != '',,,,,,
acc_3,scans,,yesno,,,,,,,,[sequence_name_3] != '',,,,,,
acc_4,scans,,yesno,,,,,,,,[sequence_name_4] != '',,,,,,
acc_5,scans,,yesno,,,,,,,,[sequence_name_5] != '',,,,,,
acc_6,scans,,yesno,,,,,,,,[sequence_name_6] != '',,,,,,
acc_7,scans,,yesno,,,,,,,,[sequence_name_7] != '',,,,,,
acc_8,scans,,yesno,,,,,,,,[sequence_name_8] != '',,,,,,
acc_9,scans,,yesno,,,,,,,,[sequence_name_9] != '',,,,,,
acc_10,scans,,yesno,,,,,,,,[sequence_name_10] != '',,,,,,
acc_11,scans,,yesno,,,,,,,,[sequence_name_11] != '',,,,,,
acc_12,scans,,yesno,,,,,,,,[sequence_name_12] != '',,,,,,
acc_13,scans,,yesno,,,,,,,,[sequence_name_13] != '',,,,,,
acc_14,scans,,yesno,,,,,,,,[sequence_name_14] != '',,,,,,
acc_15,scans,,yesno,,,,,,,,[sequence_name_15] != '',,,,,,
acc_16,scans,,yesno,,,,,,,,[sequence_name_16] != '',,,,,,
acc_17,scans,,yesno,,,,,,,,[sequence_name_17] != '',,,,,,
acc_18,scans,,yesno,,,,,,,,[sequence_name_18] != '',,,,,,
acc_19,scans,,yesno,,,,,,,,[sequence_name_19] != '',,,,,,
acc_20,scans,,yesno,,,,,,,,[sequence_name_20] != '',,,,,,
ae_1,scans,,yesno,,,,,,,,[sequence_name_1] != '',,,,,,
ae_2,scans,,yesno,,,,,,,,[sequence_name_2] != '',,,,,,
ae_3,scans,,yesno,,,,,,,,[sequence_name_3] != '',,,,,,
ae_4,scans,,yesno,,,,,,,,[sequence_name_4] != '',,,,,,
ae_5,scans,,yesno,,,,,,,,[sequence_name_5] != '',,,,,,
ae_6,scans,,yesno,,,,,,,,[sequence_name_6] != '',,,,,,
ae_7,scans,,yesno,,,,,,,,[sequence_name_7] != '',,,,,,
ae_8,scans,,yesno,,,,,,,,[sequence_name_8] != '',,,,,,
ae_9,scans,,yesno,,,,,,,,[sequence_name_9] != '',,,,,,
ae_10,scans,,yesno,,,,,,,,[sequence_name_10] != '',,,,,,
ae_11,scans,,yesno,,,,,,,,[sequence_name_11] != '',,,,,,
ae_12,scans,,yesno,,,,,,,,[sequence_name_12] != '',,,,,,
ae_13,scans,,yesno,,,,,,,,[sequence_name_13] != '',,,,,,
ae_14,scans,,yesno,,,,,,,,[sequence_name_14] != '',,,,,,
ae_15,scans,,yesno,,,,,,,,[sequence_name_15] != '',,,,,,
ae_16,scans,,yesno,,,,,,,,[sequence_name_16] != '',,,,,,
ae_17,scans,,yesno,,,,,,,,[sequence_name_17] != '',,,,,,
ae_18,scans,,yesno,,,,,,,,[sequence_name_18] != '',,,,,,
ae_19,scans,,yesno,,,,,,,,[sequence_name_19] != '',,,,,,
ae_20,scans,,yesno,,,,,,,,[sequence_name_20] != '',,,,,,
scan_notes_1,scans,,notes,,,,,,,,[sequence_name_1] != '',,,,,,
scan_notes_2,scans,,notes,,,,,,,,[sequence_name_2] != '',,,,,,
scan_notes_3,scans,,notes,,,,,,,,[sequence_name_3] != '',,,,,,
scan_notes_4,scans,,notes,,,,,,,,[sequence_name_4] != '',,,,,,
scan_notes_5,scans,,notes,,,,,,,,[sequence_name_5] != '',,,,,,
scan_notes_6,scans,,notes,,,,,,,,[sequence_name_6] != '',,,,,,
scan_notes_7,scans,,notes,,,,,,,,[sequence_name_7] != '',,,,,,
scan_notes_8,scans,,notes,,,,,,,,[sequence_name_8] != '',,,,,,
scan_notes_9,scans,,notes,,,,,,,,[sequence_name_9] != '',,,,,,
scan_notes_10,scans,,notes,,,,,,,,[sequence_name_10] != '',,,,,,
scan_notes_11,scans,,notes,,,,,,,,[sequence_name_11] != '',,,,,,
scan_notes_12,scans,,notes,,,,,,,,[sequence_name_12] != '',,,,,,
scan_notes_13,scans,,notes,,,,,,,,[sequence_name_13] != '',,,,,,
scan_notes_14,scans,,notes,,,,,,,,[sequence_name_14] != '',,,,,,
scan_notes_15,scans,,notes,,,,,,,,[sequence_name_15] != '',,,,,,
scan_notes_16,scans,,notes,,,,,,,,[sequence_name_16] != '',,,,,,
scan_notes_17,scans,,notes,,,,,,,,[sequence_name_17] != '',,,,,,
scan_notes_18,scans,,notes,,,,,,,,[sequence_name_18] != '',,,,,,
scan_notes_19,scans,,notes,,,,,,,,[sequence_name_19] != '',,,,,,
scan_notes_20,scans,,notes,,,,,,,,[sequence_name_20] != '',,,,,,